Title,Source,PublishedAt,Description,URL,RegionSource,TaxonomyCode,RiskCategory,AffectedSupplier,ImpactedLocation,EstimatedSeverity
Seven years on: Boeing 777X Certification Delay Pushes Toward 2027,Airways Magazine,2026-05-31 13:14:10,Seven years on: Boeing 777X Certification Delay Pushes Toward 2027  Airways Magazine,https://news.google.com/rss/articles/CBMijwFBVV95cUxONFJKbXlyUEY3WlpzUmhDZnNzb3VjcE1GT0pDa3JIeDBmV2JGVHo1bTFlTmx1UFJfVzNZYU94OG5xbVBBYTRQejVtTmhWVFg2d3dNYkpwVFFreUZVck9VLVYyWjVmbXRnT1U1bjctcWZIWmZST0hKOUtqb3luWEtVeFJaeExOUDVwVWVCZ1g4OA?oc=5,United States (EN),LT,"Logistics & Transportation (Rail delays, port congestion, shipping/air cargo capacity bottlenecks)",Boeing (Direct),"Renton, WA, US",5.0
Boeing Commits US$1bn to Kansas Facility & Workforce,Procurement Magazine,2026-06-01 11:40:21,Boeing Commits US$1bn to Kansas Facility & Workforce  Procurement Magazine,https://news.google.com/rss/articles/CBMiigFBVV95cUxNbWV0QWRnV1BpU21NZFpka1d5TmMyamxCdWpKa2NNU2RFcU1aVWhLYkk2RXpVQU9lVHBORVB1YkZRdkFSVEZCOFZkdjlHdWRmYmg2dzgzcHZoWTdjLUc4YUkzS1QybFJXOG1zTFNfVzVJNTMzQmZsOHYwdllBMFFsdk5Fb2VWaG9yUkE?oc=5,United States (EN),LW,"Labor & Workforce (Strikes, union disputes, labor shortages, layoffs, negotiations)",Boeing (Direct),"Renton, WA, US",2.5
President Xi Jinping Has Promised China Will Buy 200 Boeing 737s. Here Is One More Big Reason the Stock Is a Buy in 2026.,The Motley Fool,2026-05-31 13:00:00,President Xi Jinping Has Promised China Will Buy 200 Boeing 737s. Here Is One More Big Reason the Stock Is a Buy in 2026.  The Motley Fool,https://news.google.com/rss/articles/CBMijAFBVV95cUxOTDJYLXBmVDBGU0xGdURUY2hleG9EM0hJRHh6RHEza0x5Z2p3Z3U4XzhVM2F3cHJfZEFjZU5FWUFzWHIzQTc0QlJaa0Rwem9RSG1nWHZaZlJSTDF1M2xGdkxmaGM5T1JhLThGRmdqcVRORkxKZXg2R19uTmc1T3JqTXZYS19Cem5HNWtMbA?oc=5,United States (EN),FC,"Financial & Corporate (Supplier bankruptcy, distress, mergers & acquisitions, re-verticalization)",Boeing (Direct),"Renton, WA, US",2.5
"Boeing’s 737 MAX Milestone Links Backlog, China Demand And Future Airspace",simplywall.st,2026-05-27 22:13:12,"Boeing’s 737 MAX Milestone Links Backlog, China Demand And Future Airspace  simplywall.st",https://news.google.com/rss/articles/CBMixAFBVV95cUxQTHZieWprOWc3TGt0a25jcnRBOGIyWGhRR1JHVXE4X3pXLURHbnNscWdwcGVSWkdaU2lyRGZwbjdINDFVTG81QWpsOC1QbVFoRHh6NjVCQk40VWdIdHpNeWk0bE54ckFiUHVTRDJrQktYd25RUU5IYTlpcGFtNy1WYnp3N1ZNblJfbERoMEpaYi0xVWVBMnUwOFRlSFV5RWJqZmZxVTFSYllta21WeVViZ3lGLWYtMUJRSGpkbzA4N1lWN0Fk0gHKAUFVX3lxTE5Xdng5YjNlS2ZVT1N2VWIwRVk5czF4WTZDV0JoTGxiQ25GVEFRdEhoTXhMZVNoZDhDM3I5VFVMOWF4eTQwUzROTWlLLVBLdzZkNlUwNXRodW5MS2M4VTdBVE1pSzVYSjdXeDFDemlNV2REVGtMYmZ2MWI1amVVWlJoWlpaTF83ajZyRXhHR09iaDhkeG9uN3RBWjlBMWtjYWlLcmd3Vi1ld1gtb2piOHREN0JnS1Z3VzhKanBURFZ3cnRTalBKOERkRkE?oc=5,United States (EN),MP,"Manufacturing & Production (Autoclave downtime, kiln shutdowns, factory floor capacity constraints)",Boeing (Direct),"Renton, WA, US",2.5
UPS Saw No Need for Changes After 2011 Boeing Defect Letter,Insurance Journal,2026-05-20 07:00:00,UPS Saw No Need for Changes After 2011 Boeing Defect Letter  Insurance Journal,https://news.google.com/rss/articles/CBMid0FVX3lxTE5wVTNxZmY1YmJvN09qdWxVYTNyTlJYbXZaeXB3eHlENmVDWFo3OUNENlo1VVlyczlJVVRPdDE1SmIyaVZIU2txRFZTT2FDMmo2MFNHYktwVV9pZXY5VWUxclZNNmxGTUdJOGxBN1dpS1lLUzBzYW93?oc=5,United States (EN),QS,"Quality & Safety (Supplier defects, quality escapes, airworthiness directives, recalls, inspections)",Boeing (Direct),"Renton, WA, US",5.0
Airbus And Boeing Report April 2026 Commercial Aircraft Orders and Deliveries,Forecast International,2026-05-12 07:00:00,Airbus And Boeing Report April 2026 Commercial Aircraft Orders and Deliveries  Forecast International,https://news.google.com/rss/articles/CBMizwFBVV95cUxOSV9jMTktOGxnemVYTUF0NDJKQ1pySUZzcTRQS0VLMDRGU3FHRTFEZXRBVmhtVkJMSmF6bUlkWl9hT2dmNHJwMjJNcTd1MG9iemxzeTU3cjdTeXhwaEJ1dVJWNFdldVUzcGpHTVlta19paEVjY3MzbHpkUUl3bF93ZFRaaFRrb0hjWTVfTDd4cF9ia1FCNHpSa01hZ0UyeVAwc2RZcXg1MWIyb0NST1psSFBaV2YwNFcxWHI1eS12VXpueEFJNWhhTy1HQkVmU00?oc=5,United States (EN),MS,"Material & Component Shortages (Raw material shortages, castings, fasteners, titanium/nickel delays)",Boeing (Direct),"Renton, WA, US",2.5
Boeing (BA) Anticipates Strong Backlog Extending Into Next Decade,GuruFocus,2026-05-27 16:21:35,Boeing (BA) Anticipates Strong Backlog Extending Into Next Decade  GuruFocus,https://news.google.com/rss/articles/CBMipAFBVV95cUxNUDhkbWhUeEYwRUt2c3RNX0xHUG1fblRFdm1oaHQyR0hTXzl6SXdsbE8yRHE4NFZFRU9sR3BIMm1TUzgyQmhud1I0RFFkQm43SldLbEpEWFNibkF6TF9WSWtuUmh0cDVJckRXaDBfY05LaU1FUTcyc3RKNlJIZ3loSE1JaVBLRUdpVFBTR2ljZ2k0RnZCTjFkNWlZbHFNM2x2cE9hOA?oc=5,United States (EN),MP,"Manufacturing & Production (Autoclave downtime, kiln shutdowns, factory floor capacity constraints)",Boeing (Direct),"Renton, WA, US",2.5
India and UK Aviation Alert: Air India Boeing 787 Fuel Switch Defect Raises Fresh Questions in AI 171 Crash Investigation,Travel And Tour World,2026-06-01 06:49:11,India and UK Aviation Alert: Air India Boeing 787 Fuel Switch Defect Raises Fresh Questions in AI 171 Crash Investigation  Travel And Tour World,https://news.google.com/rss/articles/CBMibkFVX3lxTFB3NFBwaDR6LU0xRFYwbTRuZG5ZNm56UUJhcm5EMVhCdUtHdXROMzdnM21iV2RldWRDNG1ObTBWSTlOd1lTMG1IN3VhV3k3ZkE4a0hUZDFBeXFfR3kzRVA3eTJZQ0VTalZGVGJ3c2RR?oc=5,United States (EN),QS,"Quality & Safety (Supplier defects, quality escapes, airworthiness directives, recalls, inspections)",Boeing (Direct),"Renton, WA, US",5.0
NTSB Says UPS Didn’t Act After 2011 Boeing Letter on Defect,Bloomberg.com,2026-05-19 07:00:00,NTSB Says UPS Didn’t Act After 2011 Boeing Letter on Defect  Bloomberg.com,https://news.google.com/rss/articles/CBMirwFBVV95cUxNaEF0bURLMXlPWGFLUDVrTDItS1J4MzFVcjI5WGFvZGF0ZTBlakVIRVBJWEtEdS02eFViUU9ZT0huSzdTZUpKUlZSbVdac19hZkhhY0JfekxrNU1HT3J2Mko4OENFd3FDRExoWFlPX3Q3YjZ6STZpN1VvZG03MGRvcHpHLTd5MVFRLTdxRFVsMFVHVnFQN2E1NWdxZG8yOEFSVDFJaFR0NXpDMlFVN0pv?oc=5,United States (EN),QS,"Quality & Safety (Supplier defects, quality escapes, airworthiness directives, recalls, inspections)",Boeing (Direct),"Renton, WA, US",5.0
"Boeing backlog tops 6,200 jets after April sales surge",FlightGlobal,2026-05-12 07:00:00,"Boeing backlog tops 6,200 jets after April sales surge  FlightGlobal",https://news.google.com/rss/articles/CBMiowFBVV95cUxOZkxXTm1sRVpDcjFpOUJ3ZXA1WGZGLWwwUjR5UWhoQXFLM0ZFRERZUU4wNVV3cTFIUWw3bXlYcXNXNkw3bDJGdHJVUFFESE0zRE1BRWhPdURwUVNpUFNaZ0luNE9WVkNmcDdmMmhTOGhGSVBaWFl1cHFJZ19NLV9YQUZTamN6dzYyNnc1R0hOcUxNYnRZU3N3R3E1bTBWT0hZdzVz?oc=5,United States (EN),MP,"Manufacturing & Production (Autoclave downtime, kiln shutdowns, factory floor capacity constraints)",Boeing (Direct),"Renton, WA, US",2.5
Israel takes delivery of its first Boeing KC-46A 'Gideon' tanker,Aerospace Global News,2026-05-28 08:02:27,Israel takes delivery of its first Boeing KC-46A 'Gideon' tanker  Aerospace Global News,https://news.google.com/rss/articles/CBMijAFBVV95cUxQbnJiTEpaQjVzbTh3VGowY0Z6YXgtbTRfdmtjOE9yYVpMRkRqb1Z5NkhOZlJwb2szcTFNd291R2dNbG5sdVJYbldKNVlMeEV0Q3FaNXNWNjltRGNQbmVEdU5GSkhsNVBKUi1iWVZSZWd6YnZoY212bkVzN3F6ZzM1WUxUcWtwSFJ6eWEwaA?oc=5,United States (EN),LT,"Logistics & Transportation (Rail delays, port congestion, shipping/air cargo capacity bottlenecks)",Boeing (Direct),"Renton, WA, US",2.5
Boeing $695 Billion Backlog Is Just the Beginning. Here’s Where BA Could Go by 2030.,TIKR.com,2026-05-07 07:00:00,Boeing $695 Billion Backlog Is Just the Beginning. Here’s Where BA Could Go by 2030.  TIKR.com,https://news.google.com/rss/articles/CBMiqgFBVV95cUxQLThrMUx2clphNG4tcDhraU9aS0ZpbWJPZE1oQ1BxcVBkVGhYYm1uQnNnYlFfSWVKcmloc1BOQWZlWWZ5WThra2RPcGdjN0w5ZDRVNGpyd2dNeTQyRGhfRnlwcUtkU0RZNXFNX01HcWdOMm9OTzdHUF9KNVRkVFdxQU9SWEpEVW1Ld0xobGVSVDhiUE04NHhERHhJbnRwR2duV05BYTRzZ0FmUQ?oc=5,United States (EN),MP,"Manufacturing & Production (Autoclave downtime, kiln shutdowns, factory floor capacity constraints)",Boeing (Direct),"Renton, WA, US",2.5
Is Boeing's Growing Backlog Strengthening Its Recovery Prospects?,Yahoo Finance,2026-05-20 07:00:00,Is Boeing's Growing Backlog Strengthening Its Recovery Prospects?  Yahoo Finance,https://news.google.com/rss/articles/CBMisAFBVV95cUxNTGh5OGd5SzFTUXZSTTJ5Vk5ySkxkNkNzWVJEVFJ4aUdGWEJTLVdQUzdzaXNCMmZSZW10MzVxNk1FODhwX0h1M3NOdDJxamtSdEpmUUdldE9jYThpYU1mTUp3T3pVUzA4cm5fMUZxNmlNM1JEWW1LRjlaZ0Y3V01DUEQ4ZTJXZlFfYmxnUDQtMkowYzBfWkpDSDlXMWc2QUcyd0pvaE1HZjgtTFFCNTctRQ?oc=5,United States (EN),CS,"Cyber & IT Security (Ransomware attacks, IT/system outages, data breaches at key suppliers)",Boeing (Direct),"Renton, WA, US",2.5
Airbus And Boeing Report March 2026 Commercial Aircraft Orders and Deliveries,Forecast International,2026-04-14 07:00:00,Airbus And Boeing Report March 2026 Commercial Aircraft Orders and Deliveries  Forecast International,https://news.google.com/rss/articles/CBMizwFBVV95cUxQdXVzNUdrUDFQYUlDMnRoSDVKV1UybmtibGwxNzZmdm1rc1BpRkhXTEpFb0NrNVQtS3RmZGpya0UtNGJNYW5TZ3JrYnE3REc2Ujh5dl9YUjVhV2FhYnZSVWJqalB2V21OZnRvdkpZdUdLakQ2dTFnRzJ5aW1mQWsxRE05bkZpaFotejhsTlRIX3BTTmd3VVNFQ2NPLWdac1ltLURtbGJGdDZiOGVRUWE2TGpWNkhSSkZMX2J1by1YRlowMFB1bW14Zk5WVDZoN0E?oc=5,United States (EN),MS,"Material & Component Shortages (Raw material shortages, castings, fasteners, titanium/nickel delays)",Boeing (Direct),"Renton, WA, US",2.5
"Boeing China Megadeal Could Recast Backlog, Risk Profile And Services Story",Yahoo Finance,2026-05-12 07:00:00,"Boeing China Megadeal Could Recast Backlog, Risk Profile And Services Story  Yahoo Finance",https://news.google.com/rss/articles/CBMioAFBVV95cUxOQm5fUkwyS2ozaHNMZEZPeXJ5NWhSZnppMmFVOGhKWjExY3JQY3ppWUQxUzZEdm9HMHVIU0RTeXhieE9jNFh6a1l2QllmMjFQeXNjbVNGWWVDUUtKUGJ1c0FBeFVUQWQ2SmRqdWZjTE5SSmd2Ym8tZzhvUWgxTF9Ib055d29YVm4wNDZWQzZiWlpIQ1VJc25LZ1M3QTlYSjVf?oc=5,United States (EN),MS,"Material & Component Shortages (Raw material shortages, castings, fasteners, titanium/nickel delays)",Boeing (Direct),"Renton, WA, US",2.5
Airbus and Boeing Report December 2025 Commercial Aircraft Orders and Deliveries,Forecast International,2026-01-15 08:00:00,Airbus and Boeing Report December 2025 Commercial Aircraft Orders and Deliveries  Forecast International,https://news.google.com/rss/articles/CBMi0wFBVV95cUxNUUx1Qm1MblZhcndyQ0VlaHFkUTA2Ump0UTJCU2tsWDFlX0ZleU8zVTkwemFfU0dramQ1MExDYUxzT2tfR2QwTEYwR3JXSElwZnlzSkZPc2xzNFREOHdJZWhfaXN1b2Nuek4takJCVzBVSm94MENNeWJrR0lkVk51NnFnNkJlMXg0YnBrekRtSEpDaHppV2ZMd0dJeDcwZC0wYjRPWjNsdzRxbWJ1T1ExUng1TUFJNV9DSS1tTnlvNG5UV1ZKNWYxejVBcU5PeHBmd3Fj?oc=5,United States (EN),MS,"Material & Component Shortages (Raw material shortages, castings, fasteners, titanium/nickel delays)",Boeing (Direct),"Renton, WA, US",2.5
Is Boeing a good long-term investment? Its backlog explained,Yahoo Finance,2026-05-12 07:00:00,Is Boeing a good long-term investment? Its backlog explained  Yahoo Finance,https://news.google.com/rss/articles/CBMihAFBVV95cUxOMEVuSEZmN1NQSGVBd3N2X3RFdEI4N291T3NrbEl2cC1SdUx4cDJTbldVNnFzZ0ktdExLZ0NLR3J2T2ZTS1RYcm1Ld3NIcDU2eWd1YUVaLW1uRWY2VjJMek1PQ3dUMjdyQ1U4M0MxTjByMlduTFVZWVViOU5MTHJFZlNLWHU?oc=5,United States (EN),CS,"Cyber & IT Security (Ransomware attacks, IT/system outages, data breaches at key suppliers)",Boeing (Direct),"Renton, WA, US",2.5
Boeing Revenue Jumps on Deliveries as Losses Narrow and Backlog Hits Record,Yahoo Finance,2026-04-22 07:00:00,Boeing Revenue Jumps on Deliveries as Losses Narrow and Backlog Hits Record  Yahoo Finance,https://news.google.com/rss/articles/CBMipgFBVV95cUxNYnJJSVJ3bFg2b0lXNHJGR2NMVTdCdlJDMzlGTEZQWlV3WHlydzB5dmNOczF3MGF5azZzRC0tZnpfd2xfd1pydEN5allXZG1QSjhnbE01YUNzQzJmdUtOLWxGbk5VOVRHSVlYSS1ReEFtSGYzWmpqWXRoNFNkSkloS19ZTFIwV1hLem1KRGRrYXdnVEZFdkdnWDFPb0JLVGJValVGaVZB?oc=5,United States (EN),FC,"Financial & Corporate (Supplier bankruptcy, distress, mergers & acquisitions, re-verticalization)",Boeing (Direct),"Renton, WA, US",2.5
Boeing and the Supply Chain Cost of Industrial Complexity,Logistics Viewpoints,2026-04-24 07:00:00,Boeing and the Supply Chain Cost of Industrial Complexity  Logistics Viewpoints,https://news.google.com/rss/articles/CBMiowFBVV95cUxPNjJlV2Mzd3BYQ0hKYy1uVXNzbUpxMzNzRTk3cDhKc3lMQjBnMFpTR2dPc0xaRkdBbGs5SHZ1VTAtQVBQMDRBVnUxMXVySlVtY1hpeGJLUFJjbWxhR1RISEFnQ1ZQMnFFd09GcEZwV29XUGljSnp6TVhfT3JDNUwyeXJJM0lMUS1EUFJJQVd6MnAyZGcxOWVXUXJBVVQ0RlJ0X1Mw?oc=5,United States (EN),LT,"Logistics & Transportation (Rail delays, port congestion, shipping/air cargo capacity bottlenecks)",Boeing (Direct),"Renton, WA, US",2.5
Boeing’s backlog boom puts cash flow to the test,Yahoo Finance,2026-03-28 07:00:00,Boeing’s backlog boom puts cash flow to the test  Yahoo Finance,https://news.google.com/rss/articles/CBMimgFBVV95cUxONGJFZjdzRkFzcmhYN1RkWG41UmMxZ05fVmFFQmRNUkh3cVBITFZKRThMeUlZd1owQVUzMVYza0pBampCNWlReUZzTmhlXzRtSzZtLTNnQTFiVzRFeWZ6QnJqSDBOaE5lSjJyNEtweVdYdWx5eExLS1VTVjVnTTNzSUVSVHhYZUlPMnhqOEhQR2hZNDRfVjFtZW9n?oc=5,United States (EN),FC,"Financial & Corporate (Supplier bankruptcy, distress, mergers & acquisitions, re-verticalization)",Boeing (Direct),"Renton, WA, US",2.5
Boeing And Airbus Backlogs Surge — Why Dedicated Parts Makers Like Wheels And Brakes Are The Real Beneficiaries,Yahoo Finance,2026-04-11 07:00:00,Boeing And Airbus Backlogs Surge — Why Dedicated Parts Makers Like Wheels And Brakes Are The Real Beneficiaries  Yahoo Finance,https://news.google.com/rss/articles/CBMiowFBVV95cUxOODhiejV5UVVxZk1TNXI4ejhGWWp1ZFdLaWtFMGxWVFZEMzlTWHk0NTI5OURlc2xWMHg0UmwxNnBtejcwczhLdzBKMF9sQzgxVVUtUk1VUnB6eWhCbHg3V3BGUi1uTzc4VktaNkxUU1ZmTTg0RVBycDZHblJXVVl4aVMza09mOW0tUTRxaFFXNHk2bkM4MGtXZ1VYd3FJMWNLRzM4?oc=5,United States (EN),FC,"Financial & Corporate (Supplier bankruptcy, distress, mergers & acquisitions, re-verticalization)",Boeing (Direct),"Renton, WA, US",2.5
Airbus And Boeing Report February 2026 Commercial Aircraft Orders and Deliveries,Forecast International,2026-03-10 07:00:00,Airbus And Boeing Report February 2026 Commercial Aircraft Orders and Deliveries  Forecast International,https://news.google.com/rss/articles/CBMi0wFBVV95cUxOME53eVN1ZkczeDlHSW05dXpkNWNhYkhZaVA1OWhhSlAxVjdoekRIWEpxUG9sX2FyTkRVYTFOcGl4eU82T0NuLUlscUdwaTVSSkFjaXFaM0hvU1ZvY1BTWHlxZzRGaEYzNnl1bWJZelhILWdjM2Z0bVdFc1djUzdVQ2UyZU1yLTdzMVVJbXRyNHJnSC0xQVhGVkszZm14WFA5YU5MYmRkaTBxdG84eFNCcjRVdzBibVZRN1N5UjlMUFZXd1NtM1FaQml1ZUJtdGFjaHNn?oc=5,United States (EN),MS,"Material & Component Shortages (Raw material shortages, castings, fasteners, titanium/nickel delays)",Boeing (Direct),"Renton, WA, US",2.5
Airbus and Boeing Report January 2026 Commercial Aircraft Orders and Deliveries,Forecast International,2026-02-10 08:00:00,Airbus and Boeing Report January 2026 Commercial Aircraft Orders and Deliveries  Forecast International,https://news.google.com/rss/articles/CBMi0gFBVV95cUxNYnppV1BtZWJ4QXpTcXdLM0tIcEZQWHUteXJ4MjR1VkpvRUZ0MjY2MV95YjN0a1doRGtGVjdiRzVkQXI0V1drNFhROUNFUU5xQ0NrNGFKbTVNWG1YeXNMa2ZrVUZWMWNqUWFSRS0xeTZ2R0dVNnFWeVp2NTJGbldMX0c0RV9TTHpoVjN1WHRleUFueTVjeFh1MzFMS0plZk5oLWVySEN6Uk05V1VsN21JVTJ2b2phZVh1QzljcFlpYWR4TnRqQXg1SnBNa3N3cVk4bkE?oc=5,United States (EN),MS,"Material & Component Shortages (Raw material shortages, castings, fasteners, titanium/nickel delays)",Boeing (Direct),"Renton, WA, US",2.5
Boeing says wiring flaws could delay first-quarter deliveries of 737 MAX jets,CNBC,2026-03-10 07:00:00,Boeing says wiring flaws could delay first-quarter deliveries of 737 MAX jets  CNBC,https://news.google.com/rss/articles/CBMitAFBVV95cUxPOHpsVXFDRnBqeWd5LUtDd3p0cGphUmw5STJQZzR6cmdoMktvOUJHQ09DbWlhZ3dCNFBxRzRwaWNsdWdPWGdNcWlyN2RiTl9XTXpPM3BfZ3lBTjgxVHNmX2MzTUhZOURYRURRV2hGMk9VcmVtVHV2Vlhud3ZuQnk5OUhFdGYzRXJ3eXlpZGFzcTEyMHlfYUw5LUhaZ0paS2c5RlZZR2M4Q3ZvSmxEY3JWSm5sRDPSAboBQVVfeXFMUHhWMTBkNndJUDRfSlZoOTdtbmtyRS11bzdOZ1ZFZXdEdS11ZFNNNHZoZjk0c0VBNkF5Umx2UTJtaHpkODdXWGhzTzRRclFINEhZVGdiR212Yjg5U0N6SnFFTnJRanhBcXJMcFo1eDdXZzBmWk9VNHMzXzQ4d196eTB2REJFLTJUVU5yME5jWUVpdU1mNWJKQXpSSi1hY1R5UWZ0WktTZGJKcXVlSVFtSUl6ZlROSk5KdmhR?oc=5,United States (EN),LT,"Logistics & Transportation (Rail delays, port congestion, shipping/air cargo capacity bottlenecks)",Boeing (Direct),"Renton, WA, US",5.0
Boeing says wiring flaws could delay first-quarter 737 MAX jet deliveries,Reuters,2026-03-10 07:00:00,Boeing says wiring flaws could delay first-quarter 737 MAX jet deliveries  Reuters,https://news.google.com/rss/articles/CBMiwgFBVV95cUxPWXdOcEt0TExJU0k2YlY3ZFVwM2hsQ0hIMzJNMDRTUkRSdEw5aXh1RHd0TlNrWWxPVVZ6YW1GcmtzdS1zeG42YmdFdWFmd2Q3VXFBN3VYS0Q4bzhseTFURHBfSUpadTNkTUN2Q25rQ1ljVXFHNVBHNXhYeWJGZGlPNFpPUUkwVWNVTkJhTXFlakdmd0U5UEt4SkhxRDRJSlY1cVBJM1FNblFuVmRUVnd6UjNMYXZNN1BoSkFULVRNbVkyQQ?oc=5,United States (EN),LT,"Logistics & Transportation (Rail delays, port congestion, shipping/air cargo capacity bottlenecks)",Boeing (Direct),"Renton, WA, US",5.0
'Machining error' causes delivery delay of Boeing 737 MAX airplanes,KING5.com,2026-03-10 07:00:00,'Machining error' causes delivery delay of Boeing 737 MAX airplanes  KING5.com,https://news.google.com/rss/articles/CBMi4wFBVV95cUxPZUhEV1lLNUNJVjhNUVByRVJpTkFPUDM3WEZHM1JrRXdaeU1Ga0UyV3BZUXlKdWlBV1lNT3Q3M0lpNEFPUTA0R1lmbVpDOS1EU3J5dnE5eHdKWmdteGxnV2hDZEVkRDBHam1ReVgwWVJWd0l2aVNZSEk5RmdFUy1CS0J1Vkc2S0VtdlNFN2tPeFlWcVdLdXNrRVlhTktHaWVDajh4dW04MURseWRmS1dzcDZpRW1lb2dKSGxuY1l4LW5JR2ZyczFoajdFTVh2VW5NZWJkR0stTnpTSTBpbUJqWHlpYw?oc=5,United States (EN),LT,"Logistics & Transportation (Rail delays, port congestion, shipping/air cargo capacity bottlenecks)",Boeing (Direct),"Renton, WA, US",5.0
The Boeing Company (BA) Eyes Strong Recovery as Backlog Surges and Margins Stabilize,Yahoo Finance,2026-03-22 07:00:00,The Boeing Company (BA) Eyes Strong Recovery as Backlog Surges and Margins Stabilize  Yahoo Finance,https://news.google.com/rss/articles/CBMimgFBVV95cUxPWEZ2T2tMeUpTWWh3VUVXLW45ODQ2ZzI5NlMyYV91djhIWEhEZXBrRXE4X0g5Rjc4dGs4QTNCQkdMbXREN0pFTzR0Z1NBQXlaS3VRcl82cmpLc3ItLWFwcEVJSEhZZktvc1FsWXIzVjA1dzFOejc2U3pEOVR1cGxOQ1laLUxnQkJXaWxrTk9JQk9ldm8tRm1GdG5B?oc=5,United States (EN),FC,"Financial & Corporate (Supplier bankruptcy, distress, mergers & acquisitions, re-verticalization)",Boeing (Direct),"Renton, WA, US",2.5
"The Iran War Will Delay Commercial Aircraft Production, Boeing Warns",The National Interest,2026-03-19 07:00:00,"The Iran War Will Delay Commercial Aircraft Production, Boeing Warns  The National Interest",https://news.google.com/rss/articles/CBMisgFBVV95cUxNMzdaN2t3TDJkZGZlSllDTTFid0VTVUlUZ0RPTHlFMW5WcWUzVC1reHd4d1o0SEx5LU13NGZZMnhKNTc2SmxUM3cxdnhMd2FhVGQzelVyXzR5ZG1WNDJWN1BGMHVVQkdfQkV3RXlDU1ppXy13ZHR3QXFJQ3lHd0pjUjVZdEtGQ0FqNTVmUHZQMUYwZm9KeWRYUjQzNXlWX3FXcjdnRGJYVDN0TjVmSFZ2Q1F3?oc=5,United States (EN),LT,"Logistics & Transportation (Rail delays, port congestion, shipping/air cargo capacity bottlenecks)",Boeing (Direct),"Renton, WA, US",5.0
Boeing reports narrower quarterly loss as revenue rises to $22.2B and backlog hits record,KOMO,2026-04-22 07:00:00,Boeing reports narrower quarterly loss as revenue rises to $22.2B and backlog hits record  KOMO,https://news.google.com/rss/articles/CBMi9gFBVV95cUxOdFJTNHNZb2VJbEthQUlseWRCRXFMdnI0NUVKN3ZFQVlaQUMzdlliNjJ4bUNTbHhacVhwWHFEblY5Z2JOdGZvZ21zRDIzT25kTGtkT3FJMmhSRnNZUEpBQURiYWxySkxRRnM1M2NnZk1KOHJCY21zZEYzYk0wc0dZRVkxTk1PMloxMUEyNUlhUDFBQXI5aVlpT2oxVWNhMUpxRWlQOGhkcENhR0ZTSmJuWFc1Z0x3cjY5bFg1Z0F1c1lxcWFiZUxYOE9vNXliaUlxdXFGekFqdGFDYmVWQmk4S0ZXSFA5S0dlQWZ6SmN6N3dIWm9NcWc?oc=5,United States (EN),LT,"Logistics & Transportation (Rail delays, port congestion, shipping/air cargo capacity bottlenecks)",Boeing (Direct),"Renton, WA, US",2.5
Boeing’s Widebody Vulnerability: Why 14% Of Its Backlog Is Now At Risk,Simple Flying,2026-03-15 07:00:00,Boeing’s Widebody Vulnerability: Why 14% Of Its Backlog Is Now At Risk  Simple Flying,https://news.google.com/rss/articles/CBMigAFBVV95cUxQNmNMMENqRUlkcy1KVkV6WV85VDNRM2E4cDJHSjNVV3lEVS1MYUwyS1gtTURMRjg5MEh0WFA0LVIyUlVoQkpzY3l3Ti1BWDhlc2Z0NEtTLWlTLXRmLTFyczFoeFg3MkM0V1hEeC10MG90bmdNcjNSMW1vSXlpbTVPMg?oc=5,United States (EN),CS,"Cyber & IT Security (Ransomware attacks, IT/system outages, data breaches at key suppliers)",Boeing (Direct),"Renton, WA, US",2.5
Boeing Reports Supply Chain Quality Improvements,AVweb,2026-02-12 08:00:00,Boeing Reports Supply Chain Quality Improvements  AVweb,https://news.google.com/rss/articles/CBMigAFBVV95cUxNblF2LU4wT3dUZ05UVEFYV29acUd0NHlpTndVVjFnYk1UTjV3dDBzb1VOOGFvbG5mR3cyVTVHRlVVQzJOX05HWnhFYTNjeEpfNER0WEktUXZrRWtxZWNhZEpEZzJfaWJ4UHdfLV9KZXZJdmE4a1h1NW5qXzUzYURvSg?oc=5,United States (EN),QS,"Quality & Safety (Supplier defects, quality escapes, airworthiness directives, recalls, inspections)",Boeing (Direct),"Renton, WA, US",2.5
Boeing sees significant supply chain quality gains,Reuters,2026-02-11 08:00:00,Boeing sees significant supply chain quality gains  Reuters,https://news.google.com/rss/articles/CBMiswFBVV95cUxOVmR0UFhBUkRRVHA4czc0eF9KLUN4bmZqR2JpcG1VTVZlMnRKWHZQQmgxRFpVTVN4MXpsSEd4aWNKd1FXZDNqbHRkbGFseVhKOVlreW9RNHpUc1RUOWI5R2FWN3hmaFJGdW1RM0xQdENSQ1hGM05ZdkxsbUF4aWp4UHdheDh5RU9NS3FseVpqUFJSbmpXbVMxSnVFVVoyTWRkMHRiMGRvWlZocmJhWXdTUFFQZw?oc=5,United States (EN),QS,"Quality & Safety (Supplier defects, quality escapes, airworthiness directives, recalls, inspections)",Boeing (Direct),"Renton, WA, US",2.5
Boeing boosts deliveries and backlog in Q4 but core aircraft unit remains loss-making,Aerospace Global News,2026-01-27 08:00:00,Boeing boosts deliveries and backlog in Q4 but core aircraft unit remains loss-making  Aerospace Global News,https://news.google.com/rss/articles/CBMihAFBVV95cUxPSkxVcU9ZQzhRTDF2bXlUbG5mQnk4VE9TeWl3Tm9hWmduSlpmVUtpM2pOampfWV9ob0FuRjJzbGUwMU5iRklMQ21oU05McHRNWjJfc2s2X2V1cTBhTnhoeXdXR1RHVV9PaEhuVzhEcmZRUUlTMWVLT1ptWXRrLXBNVUpYb0s?oc=5,United States (EN),CS,"Cyber & IT Security (Ransomware attacks, IT/system outages, data breaches at key suppliers)",Boeing (Direct),"Renton, WA, US",2.5
Boeing's Record Backlog and New Vietnam Orders Signal Demand Is Not the Problem,Yahoo Finance,2026-04-06 07:00:00,Boeing's Record Backlog and New Vietnam Orders Signal Demand Is Not the Problem  Yahoo Finance,https://news.google.com/rss/articles/CBMipAFBVV95cUxQME9fWld5d01nazZVeEpQak1oVndkaGVDNDNSZGJoa0ZiTDFocUlFWTl5VTlUdlBXZ24tRDZza3RnbVZNT2lpZ2JkSlZJbnFITVBxTVFxWHZSSDRkQm0wb0U2N1dnVHNRN3hGaldfMzBDSGNvbWFwbGViXzE4V0RIY05ocGpxRGhSZl9aRmxRTHJXN1V6d2UzZm5jMnFzZjEyVzZaVg?oc=5,United States (EN),FC,"Financial & Corporate (Supplier bankruptcy, distress, mergers & acquisitions, re-verticalization)",Boeing (Direct),"Renton, WA, US",2.5
"About 3,200 Boeing jet and weapons workers begin strike - ABC News","Breaking News, Latest News and Videos",2026-02-11 16:48:52,"About 3,200 Boeing jet and weapons workers begin strike  ABC News - Breaking News, Latest News and Videos",https://news.google.com/rss/articles/CBMilwFBVV95cUxPOGZmTW9pU0syVU5zcDlRRm10X2tGOHFmeEtXVEVuc21sc2o1YzBBRzNuNEhFU29lYVphaVBhWV80YXRkWGZpek9CS2NIb0o4ZnlhLWN2UjhSdlQ3VDVyLXRVTTgtVm5jdGNOaENQeUVyNUd6VXVJQmVTbFhHeVotaDNQNlhDZmZuNmZwekk1S2E5SGRaTVBF0gGcAUFVX3lxTE9lT2ViZ2l2ODNVRUVkQWxpVlFXSDRUY0pobVhVSDAwZ1p5TGdNN3QweldXSWlta1dTOUItdHV3V0RHQ1lQdXRGX1BSQkg0czd0all0bFAtZkh4b0M5dk84ZnR3eVpYS3YzbE5hSmZTQlZETkxhcUtDdU5TOXRmSHlaN2VZVnpxb3RNV3h6eWF5Wk4yalY3dmMxRTdhOQ?oc=5,United States (EN),LW,"Labor & Workforce (Strikes, union disputes, labor shortages, layoffs, negotiations)",Boeing (Direct),"Renton, WA, US",5.0
Boeing Beats Airbus On Deliveries For First Time Since MAX Crisis,Simple Flying,2026-04-14 07:00:00,Boeing Beats Airbus On Deliveries For First Time Since MAX Crisis  Simple Flying,https://news.google.com/rss/articles/CBMidkFVX3lxTE1sZTZJRS13UTJyRWNjWmF6aFltbWRpdHlZc2FaTU94Mnk5aXVWZWhkQ202R01rYjgyTWtSTGc5a1lfV3V2Y0tONnRZZmhOSDVQSDJTMGV2cm9lWkNNVlpSdXZfUWNCc3dLdHNmbjRJVVg5cVZRNVE?oc=5,United States (EN),MP,"Manufacturing & Production (Autoclave downtime, kiln shutdowns, factory floor capacity constraints)",Boeing (Direct),"Renton, WA, US",2.5
"Fresh Off Labor Strike, Boeing Set to Double F-15EX Production",The National Interest,2026-03-05 08:00:00,"Fresh Off Labor Strike, Boeing Set to Double F-15EX Production  The National Interest",https://news.google.com/rss/articles/CBMipgFBVV95cUxPU1BiWWQwcjZFeGNxUml4LWlKLUJLa1JDN3V6WEdHRkQtdlA5X2NYN2EzblVGUjhYd1NUSlVGY05GM1NnaFFDVmdrLUFHYkNkWFFsU1lISUszbmNCbnI5RHN4ZGNaUlBXWjU5WUNzZkVxVS1TcUJfdy12REVMa3BJMEZ0YjRFSGZhXzgtdXdNclN4REVWb2ZzNUZTdUtUWFdwWFJZQVFR?oc=5,United States (EN),LW,"Labor & Workforce (Strikes, union disputes, labor shortages, layoffs, negotiations)",Boeing (Direct),"Renton, WA, US",5.0
Boeing stock beat masks supply chain nightmare,Yahoo Finance,2026-01-28 08:00:00,Boeing stock beat masks supply chain nightmare  Yahoo Finance,https://news.google.com/rss/articles/CBMiggFBVV95cUxPb0dJVU9uY0lOVnlUR2xib2tid2g1ZHBubHdqZWpvNW5qWExsSzk2TXBJMWYxb0Q0MzlJSjZJdnl5RUlBckFYNEl3cjFyeXI2OUd2bTY4dW5JMVQ2dVNaNDZzYUVzV2Zhd2lNa0RhUDhDeDBOLTdRMUFFczl1bVZnQl9B?oc=5,United States (EN),FC,"Financial & Corporate (Supplier bankruptcy, distress, mergers & acquisitions, re-verticalization)",Boeing (Direct),"Renton, WA, US",2.5
Last Year’s Boeing Strike Has Delayed F-15EX Deployment to Japan,The National Interest,2026-02-20 08:00:00,Last Year’s Boeing Strike Has Delayed F-15EX Deployment to Japan  The National Interest,https://news.google.com/rss/articles/CBMisgFBVV95cUxOS3lFb3huT0RWcnN2ZlBJMXpYREdPNVRHamM4OUxsaVcxVnEySndTUEw3VWxrWGdIUlpEb0FYWDBaRHJZU1dseVRUZTd1bzE1TTc3LVdYREpZZFJvMkVpZ2xfX1JXTlJVczIwaEVOTFVsMG9jUzZqT21xMlhnb25fUzFKelpzcnZyZGo4V0ZYNW9PU0NsenZoeUFqUkFFQnI2LVM4aWJBeVQxbVBfQUZJeFpR?oc=5,United States (EN),LW,"Labor & Workforce (Strikes, union disputes, labor shortages, layoffs, negotiations)",Boeing (Direct),"Renton, WA, US",5.0
Boeing asks suppliers to check for Middle East impact as war rages,Reuters,2026-03-16 07:00:00,Boeing asks suppliers to check for Middle East impact as war rages  Reuters,https://news.google.com/rss/articles/CBMirAFBVV95cUxPdnhpN01rMTdQZzdVUWxmN05qOXpVeEdYLTBJU2I0c2VCZ2V6dlkwazFmUlBkM1pnSHphdjh2LXEzU3FIQlkzRWktMEQ2LXhDZFBmb3BRMi01Rlk0aXVmdjBKR0Q5RFpVNmJOUnAxWXdzeXFEU3E0a1hobHRrZ2UtazVSeGItS3dRaFZQckhFWmNfLTVzc2hFVE5ZVUZBRVJrdjVFYm9oemM0NXlU?oc=5,United States (EN),GT,"Geopolitical & Trade (Export restrictions, sanctions, tariffs, trade war/conflicts)",Boeing (Direct),"Renton, WA, US",2.5
Why Boeing is Reshaping its Defence Supply Chain Workforce,Supply Chain Digital,2026-02-05 08:00:00,Why Boeing is Reshaping its Defence Supply Chain Workforce  Supply Chain Digital,https://news.google.com/rss/articles/CBMiiAFBVV95cUxQUXc0MTJfeU54N3FtdFdfaDNNWG54X0l5Um1scWE2ZnpuRURlcGtWVjhFZzMzUFF0cDZWZm5UM1drSnJTMzl1R0huSTdFTVpmWFV5ckxfclpZcmFBU2ZoVHUyeXgxaXNUaWFuVTdJZHQ2aVFRZmttNXNuSWpqWWdGb3FXejBDSG9v?oc=5,United States (EN),LW,"Labor & Workforce (Strikes, union disputes, labor shortages, layoffs, negotiations)",Boeing (Direct),"Renton, WA, US",2.5
Why Boeing Has Seen Such A Rebound In 787 Dreamliner Production,Simple Flying,2026-03-10 07:00:00,Why Boeing Has Seen Such A Rebound In 787 Dreamliner Production  Simple Flying,https://news.google.com/rss/articles/CBMiggFBVV95cUxNMUlXXzk3Sm1WVk0wMEZwVHBUZ0RpaEFSTnNWQnlDV2YyQlFYQXNRQ1NWMzEyYmJHcUpYQ2hvUUtsWDl4Ukk2T0tyOW1FNUR3ZFU2NzhpNFA5VjlrcXQyUXk0WE5XMzEwUkNEVS1MY2RaY1ZyQlA5SkF3Z0hwSjBtYVZn?oc=5,United States (EN),MP,"Manufacturing & Production (Autoclave downtime, kiln shutdowns, factory floor capacity constraints)",Boeing (Direct),"Renton, WA, US",2.5
Boeing strike to continue after workers reject new contract - ABC News,"Breaking News, Latest News and Videos",2026-02-17 03:46:11,"Boeing strike to continue after workers reject new contract  ABC News - Breaking News, Latest News and Videos",https://news.google.com/rss/articles/CBMikAFBVV95cUxNOGc5SWN3SVRLenlkVVFnRUtTQ1BGeU8zdlotY1lQdjBHS29WQXE1UkdpVThQZ21ueExXYzZrNHpBZHA4N1kxQnJ2U09VWmZtel9nLWo3MjVPSkxFRF9VT25HT1l2NDdZZlFLTmNLWnByU3FDVGFYQ0cxVXJLZE5KMWtJZHNtRVdrdEt4dVFaSFjSAZYBQVVfeXFMTzgyeEszeHp5bUFVbTA1akkzb2FNcHdRRGhNRGZHTlM4NUpxMGJ4MFFhNjgyT0U2T2JEcktVaTlVRXE2MU5HbFU4Y2g0Y1BjR0dhVGhWUzJCSXpyLWJPQjBaYkVYNDMzdnduMmdQTGNsc0tiVzNLUkZBakd6LW9fVTA3ZVk0QUNEV2hjeDZtU1VBRXo4R3RB?oc=5,United States (EN),LW,"Labor & Workforce (Strikes, union disputes, labor shortages, layoffs, negotiations)",Boeing (Direct),"Renton, WA, US",5.0
Airbus and Boeing Report November 2025 Commercial Aircraft Orders and Deliveries,Forecast International,2025-12-10 08:00:00,Airbus and Boeing Report November 2025 Commercial Aircraft Orders and Deliveries  Forecast International,https://news.google.com/rss/articles/CBMi0wFBVV95cUxPbjVwb05ZOGF2cVBEV3VXRS1JQ1ZwOEpFVXB1ZGdqaEY1aWRjbk43bUJXMmZJZGRrTHdsY0NoaU5TSFZzd3dqQlVzVTJfdXg4a0t5Z0dyQVpzQlVSWktHTmQzN3V4LVFCYURmQlVPTTRuMmNKWThhOFptbERSTnd5NkFRWEhXWWpVRFRGSDhnWlozbmd3QlVVMzhRaDJkNDBhRlJ1OUV5MVY1UGs5QkJFM1lYTktjdDhBRHNSZHAwX1hzNy1seTItcUdobFpLV1BObC1R?oc=5,United States (EN),MS,"Material & Component Shortages (Raw material shortages, castings, fasteners, titanium/nickel delays)",Boeing (Direct),"Renton, WA, US",2.5
Aircraft order backlog eases to 12 years as Airbus outsells Boeing again in 2025,centreforaviation.com,2026-01-15 08:00:00,Aircraft order backlog eases to 12 years as Airbus outsells Boeing again in 2025  centreforaviation.com,https://news.google.com/rss/articles/CBMizwFBVV95cUxOMHc0b0dtQk50U0M2M3BnbElPN2J6Q2hhV2ZJYnFDNGNaTGpxUEdZZkxUU292RS1NX3g5Q0w2NzlybVZ4ckVhRW1MWlA2TG16d24wVENaM2hHaW56STEwQ1A2MWJEWVMwNWFyclVKMmJjNFJHVlRFVjI0dW05Q1pwU1Q5eDlGV1I2TTdWNHpBcFQ3YlNEZWFUZ2w2SVAyMGphdG1xQTNaQjRYRGdNc2VNQ0phaHoxcTk4a2FSZExJVGJSc1FmQWpfVi1GaHlyYzQ?oc=5,United States (EN),MP,"Manufacturing & Production (Autoclave downtime, kiln shutdowns, factory floor capacity constraints)",Boeing (Direct),"Renton, WA, US",2.5
Source: Boeing tells employees about layoffs at Defense supply chain work group,KING5.com,2026-01-12 08:00:00,Source: Boeing tells employees about layoffs at Defense supply chain work group  KING5.com,https://news.google.com/rss/articles/CBMi4AFBVV95cUxNUDFQRTM5VFZsZEl1aGRFOTlXR1NhRFdZWFpHY2RXYjZzV3JUM0JyU3EyZkY2a3pnbFVBMEFra2EwX0JsRkFBbEFSN1dCUDBFaXhzT0Y5VGVmYXFfWE53VGxyV0dEV1dKUllocDNPeWRpbnItSkdNQWlNR2l6VFZKT1dXSE1xTEw1RFVlTXJMRXZQRzg0djNsRWM4bUFwaWxiQUY5ejJKVWphZjluOVgtUkhkUUh5UjRON3BpczFDSzhUWkJZV3luSkJ3M2FuSzg4ZGVQclFfNC1RdXBaTVp3Rw?oc=5,United States (EN),LW,"Labor & Workforce (Strikes, union disputes, labor shortages, layoffs, negotiations)",Boeing (Direct),"Renton, WA, US",2.5
ACG doubles Boeing backlog with 50 737 MAX order,Aerospace Global News,2026-01-13 08:00:00,ACG doubles Boeing backlog with 50 737 MAX order  Aerospace Global News,https://news.google.com/rss/articles/CBMifEFVX3lxTE5QaHp0S0I5RXJKd081ZmVpS3AzZXlhajl3UEFYZEFwWnEzTkxHcWM5UVZUazc0WmdYOTVQWFlWQTZzUEt4WFNpTXgwNWIzUklUWEFSLXg5U0dVaE9MNXJScEdzS1JFRURJVy1weXRlVmlQeVRwVU5PNlZMVTE?oc=5,United States (EN),CS,"Cyber & IT Security (Ransomware attacks, IT/system outages, data breaches at key suppliers)",Boeing (Direct),"Renton, WA, US",2.5
DGCA says no fault found in Boeing fuel control switch after Air India grounds plane,BBC,2026-02-03 08:00:00,DGCA says no fault found in Boeing fuel control switch after Air India grounds plane  BBC,https://news.google.com/rss/articles/CBMiWkFVX3lxTE4yZHYzN0dfWU95aGRsVDRjUjhNUHhMOHg5Zl9JTm11d2ZBS2RlSk9OQVdJaUV3QjFQTUFRWFItZWp5bXlQR09uRi1XRTJsM3VVTHd0X0cyZWFQZw?oc=5,United States (EN),CS,"Cyber & IT Security (Ransomware attacks, IT/system outages, data breaches at key suppliers)",Boeing (Direct),"Renton, WA, US",7.0
Why The US Is Worried About Boeing 777X Certification Bottlenecks,Simple Flying,2026-03-16 07:00:00,Why The US Is Worried About Boeing 777X Certification Bottlenecks  Simple Flying,https://news.google.com/rss/articles/CBMihAFBVV95cUxPWUFoejhESV9Veno2blVQUTVnekR5eGNKeGZDaWJXM28xZk4xZVNGNGF2OHR1ZWhzbzhXc2V6cUxfOU1jcnhKbGFSQXdCMVJmZVl3SWhFZzJPWE5SUHBobVRlWjN4U04tMzQxX1NDXzFGZmN6QTFBNU1SdUJlYTkyOXZJbkw?oc=5,United States (EN),LT,"Logistics & Transportation (Rail delays, port congestion, shipping/air cargo capacity bottlenecks)",Boeing (Direct),"Renton, WA, US",5.0
Air India grounds Boeing Dreamliner over possible fuel switch defect,LiveNOW from FOX,2026-02-02 08:00:00,Air India grounds Boeing Dreamliner over possible fuel switch defect  LiveNOW from FOX,https://news.google.com/rss/articles/CBMifEFVX3lxTE5QaFVTRHkwVjRDVnc1aE1CN2NNcThyQUk1akZENEVrMy1uejlETXNhWjBSRl9Gcmo4eEY1UTRIX1RCd2VWUHBIc05FWENlRUtzUXRzTVdlS3ZnUFJTQXZQNXdId2daVDNpbG5WMUtTSnBGdjdWR3dMSEdJU1nSAYIBQVVfeXFMT1JLYzdkeEJuZVE1MTlUaWJIbjRHajdSQlJScWZQcHpfeUtSMzVFd2Q1ZGNBLUVRRVhncTVEOVNLMWNiU1pwbnhOcTZWazlEYTNwTjhfY19ld0dEbzNlUHNmeG16eHB2bjA4aDdNNmowMGJScnNDS0NqVWxiVHQxcWtudw?oc=5,United States (EN),QS,"Quality & Safety (Supplier defects, quality escapes, airworthiness directives, recalls, inspections)",Boeing (Direct),"Renton, WA, US",7.0
The Real Reason Why The Boeing 777X Is Delayed,Simple Flying,2026-03-04 08:00:00,The Real Reason Why The Boeing 777X Is Delayed  Simple Flying,https://news.google.com/rss/articles/CBMiaEFVX3lxTE1qcXhkVWw2eFl5OFEtYjBIZEhKLWlpVC1RaEFDWUlvQ0VlZFJpWVIzaFY1Ulg2RV9DcDU3QUludkhIRW1iMW1HSmtaa3poWk5Hbk9QZTExbUszb0JtNmFVSGRYTEZiR0Q2?oc=5,United States (EN),LT,"Logistics & Transportation (Rail delays, port congestion, shipping/air cargo capacity bottlenecks)",Boeing (Direct),"Renton, WA, US",5.0
Boeing is said to trim defense supply-chain roles as workforce reshuffle continues (BA:NYSE),Seeking Alpha,2026-02-05 08:00:00,Boeing is said to trim defense supply-chain roles as workforce reshuffle continues (BA:NYSE)  Seeking Alpha,https://news.google.com/rss/articles/CBMivAFBVV95cUxOcGtZYmliLTNGRzAyT21rQ195SXFUckJHc0MyUzRaellKeWpXcTY0NWttajNEVzdENUdoVnhjcDdvakltenl0REZqUzA1S0lrU1kzZl9ZZk43aWpUcGRma2hYLU1yNFJDOG9nZmlEUk1LSHFCaThBcjJVeTlkMnFyeG5MU2ZGRnNyWWh0VXhDVTduY1BxOEltMmtNc21oX25lV2VGODJETXFqejQ3MU5TdG1xYjlfQWZUWW0tRA?oc=5,United States (EN),LW,"Labor & Workforce (Strikes, union disputes, labor shortages, layoffs, negotiations)",Boeing (Direct),"Renton, WA, US",2.5
The Trump bump: Boeing orders soar past Airbus after sluggish sales,Euronews,2026-01-14 08:00:00,The Trump bump: Boeing orders soar past Airbus after sluggish sales  Euronews,https://news.google.com/rss/articles/CBMiuAFBVV95cUxPby1aSFlaWVpVakNHRGw1cHFDLWx3Z2ZzMFp3ejV1aXZ4WUVNdS1hMU9GTXJQNzNsT2FzOHJyTzY5UVJLZVlhdC12ejVFbzJ6QmxuYXVFajdiZ1h1djBDZzRQOGpFZlc4S1FLdTR3YWpDQkkxNkZrWjk2MzdnYWNrMDlZelk3TElkbnJhbWxVc0l2aHU2WnRaWWFRd3MwMHlmRjJFbEExLXU2ZFNPX0p2MG5laEpyX3pv?oc=5,United States (EN),MP,"Manufacturing & Production (Autoclave downtime, kiln shutdowns, factory floor capacity constraints)",Boeing (Direct),"Renton, WA, US",2.5
Boeing closes Spirit AeroSystems purchase in major supply chain realignment,Reuters,2025-12-08 08:00:00,Boeing closes Spirit AeroSystems purchase in major supply chain realignment  Reuters,https://news.google.com/rss/articles/CBMi4gFBVV95cUxQWXdRSzU0SkVhQTNiT3Z1eTUyR0d2TTc5R0twZUp5WURxV1dyMkNqN1F6cnJyQWQ5SWxXOFRKM01yTXg5TkpOSndETkVzMHdkdGlhSUF5N2JJRkNKdFZpa0dhaWJ6QzltdzgzRTZEaVU4TVNZUzJEX2pQdC1uNFQ4TjVwRHpjNVNaLXNpY21Od2VfUVhfOTU0Zmh6dThBN2NZQ0FnS1RnWUh5NEp1dTIwM0p6ZUl1YTlfSzloVWxSUjJrcG8yQUw4SFpmbkFfdjFwLXZBOWM0cEFUT3dzS210NWdR?oc=5,United States (EN),CS,"Cyber & IT Security (Ransomware attacks, IT/system outages, data breaches at key suppliers)",Spirit AeroSystems,"Wichita, KS, US",2.5
Boeing strike in St. Louis ends after union approves new contract,Missouri Independent,2025-11-13 08:00:00,Boeing strike in St. Louis ends after union approves new contract  Missouri Independent,https://news.google.com/rss/articles/CBMirAFBVV95cUxOeWxOMk1IQy1oUU9UYWNqZWVxbHpPS1BaaVlXTUtyLXNySktDVUdROEF2b0U4SnU0MDhKTEVqNS1TcnFYTXZkVllVcWsxNkZ6ZGpwMUUxak50OHRHbV9mWUt1X0Y0TlpTM051MHhVdU1EZGpqYTNLejB5bVhad29EVU5pQTRVVEtqbHNDLU95VzlLSHJNU3BWN1hHelE5REQtZ01LbGpTX0Z4S19f?oc=5,United States (EN),LW,"Labor & Workforce (Strikes, union disputes, labor shortages, layoffs, negotiations)",Boeing (Direct),"Renton, WA, US",5.0
Boeing’s monthly deliveries dip in November,The Seattle Times,2025-12-09 08:00:00,Boeing’s monthly deliveries dip in November  The Seattle Times,https://news.google.com/rss/articles/CBMinwFBVV95cUxOZ3VidDJvU2dQdkZudU4yVnBmdk5WSURtb2t4R19hbkw5ZkloaWdMV2kxOEFtVGozUDVVZ3Q0cm9JeVQ3dFh6MTVIWXFRSGd4VFJ4TjlWNEQydXVaMjJjZnNIWmEyRjVXcW5FdjBmZVBsdFptT2RXU0hNMExYcEJ3TFJuMDY4SzJIXzQxUEpGV1dOUU9GdG5MVDNqejJveDA?oc=5,United States (EN),MP,"Manufacturing & Production (Autoclave downtime, kiln shutdowns, factory floor capacity constraints)",Boeing (Direct),"Renton, WA, US",2.5
Time was Boeing’s strongest weapon in months-long labor dispute with St. Louis machinists,STLPR,2025-11-20 08:00:00,Time was Boeing’s strongest weapon in months-long labor dispute with St. Louis machinists  STLPR,https://news.google.com/rss/articles/CBMipgFBVV95cUxOVWpSUERKNVcySHFzZGJLZm1oT25rT3d4VWk4OUs3NzViTW50YnpyLWlUX1hVWWJMMmJIQURwOXpPczJlVWp3TzRsSVVBVlJneDhlNi1VZkZMd3FfZUFGYVk1N2RGTnVyWFF4RkpzMFFNQ0VuRU5vSUxBbTBoTGVlVGVQRkMxaENSSEZ0TFpTalJZckkyUURXMUtWN01vYXlaNW0ydjF3?oc=5,United States (EN),LW,"Labor & Workforce (Strikes, union disputes, labor shortages, layoffs, negotiations)",Boeing (Direct),"Renton, WA, US",2.5
Boeing receives more heat from Congress to settle St. Louis strike,Missouri Independent,2025-11-04 08:00:00,Boeing receives more heat from Congress to settle St. Louis strike  Missouri Independent,https://news.google.com/rss/articles/CBMirgFBVV95cUxPWGdjV0xDMU53dzhLZjVrWno4T25SWm82anFCdFRTbnp0MGZuOWRFY28wc3NWRWctTEU4VEkzQWNmaktGN1FseUMyeVFnYVlTRTRkRTBCdzM0ZUFZRnRUbGtDaHZlM0pkbUY5eXRFaEVwREg5MTNXZklaRldkdi0wRlVVSHhNUUJEbWxHS0NvOXNZYmxXbm1fVzBab3Q0MWlzdjBwWGI3MmJvenVKSkE?oc=5,United States (EN),LW,"Labor & Workforce (Strikes, union disputes, labor shortages, layoffs, negotiations)",Boeing (Direct),"Renton, WA, US",5.0
The Boeing strike enters 4th month — here's how it got to this point,STLPR,2025-11-06 08:00:00,The Boeing strike enters 4th month — here's how it got to this point  STLPR,https://news.google.com/rss/articles/CBMikwFBVV95cUxPVVhfUjlPQjJhV2ZsNEd5VEpZaVJobUc5VE5WczFqSkd3R1NsSURVcHhCbm1ObzAwNjBRYXA4SmxlcTViVnJSZGZ6WTNOaDNrN211a2xUb0JhaFE4d29adlltMmttNVBQR3dRdTh6T1BTRkVhWUJJX3JIb2x1N1c0dTg3S0F6TUFJaklLblVWY0pYU2s?oc=5,United States (EN),LW,"Labor & Workforce (Strikes, union disputes, labor shortages, layoffs, negotiations)",Boeing (Direct),"Renton, WA, US",5.0
"St. Louis Boeing machinists approve contract, ending 15-week strike",STLPR,2025-11-13 08:00:00,"St. Louis Boeing machinists approve contract, ending 15-week strike  STLPR",https://news.google.com/rss/articles/CBMikwFBVV95cUxPQkMtOUo4dVZzQTFzTWVBN2F6ckJWSFQ4N3lJdzJYeFVEV2lwdGc2TmlJWWxCZUtsYy01NzA2NVNIQWlNcHFyNEQ2MGc5X1RNTEZsR0tiVTJIUXNzVm1NbXJGcTZFOEQzaHJwWmk2cmd0Y2xJZ3dBbTRQN0p3RlVmZHVBdnpsbk9PVm5GckJybndaLWc?oc=5,United States (EN),LW,"Labor & Workforce (Strikes, union disputes, labor shortages, layoffs, negotiations)",Boeing (Direct),"Renton, WA, US",5.0
Hawley Urges Boeing to Negotiate with Missouri Workers on Strike,U.S. Senate (.gov),2025-11-04 08:00:00,Hawley Urges Boeing to Negotiate with Missouri Workers on Strike  U.S. Senate (.gov),https://news.google.com/rss/articles/CBMimwFBVV95cUxNdzk3OFB3bmxLcUdhTWN1QUp3a0pKY1V4NEQySTdsQTE5VUxiTGxmT3N4dVYxLUNkbHNLb3Y2SlhiV1l1bTFxYUlBdXpnTVNtMUhFR3FKajByTmhRaFUxYk5TaFFGYVpJeVJQVmgxU2dzNHp4YmdHOHdfNXhuUUtERmNpLUtIOEhmcUdZQnRPbWhmY1lLYngwVkl3OA?oc=5,United States (EN),LW,"Labor & Workforce (Strikes, union disputes, labor shortages, layoffs, negotiations)",Boeing (Direct),"Renton, WA, US",5.0
‘Give us something fair’: Workers picket outside Boeing facilities near St. Louis,Missouri Independent,2025-08-06 07:00:00,‘Give us something fair’: Workers picket outside Boeing facilities near St. Louis  Missouri Independent,https://news.google.com/rss/articles/CBMivgFBVV95cUxOVHpMMUV5ZTB1ZXdXdzlUd1FUOW5yZ0JPS0FPNXdWUGt3QmxBNV8tSzhWTG5VVmYtM0NTbXhLSUE5ekVEV2RhOUdTakdzMDh3Vm0waXRHZXNOVlFHQnlwZ0xkbnlWcWRWcE1fSTZ4dEZsd1ByT1BuV3pEVlZTMUkwSmhvSEJqd2EtSml5STFiNXFaYU1HZHphN1Bvb2tUb3VWNWtMa0c0clA1SkVOMTRIczhsVk12WmJVVGEzdWlB?oc=5,United States (EN),CS,"Cyber & IT Security (Ransomware attacks, IT/system outages, data breaches at key suppliers)",Boeing (Direct),"Renton, WA, US",2.5
Bipartisan U.S. Senators Rip Boeing’s Greed and Delay Tactics as Striking IAM Union Member Testifies in Washington,IAM Union,2025-10-23 07:00:00,Bipartisan U.S. Senators Rip Boeing’s Greed and Delay Tactics as Striking IAM Union Member Testifies in Washington  IAM Union,https://news.google.com/rss/articles/CBMi3wFBVV95cUxPU3NSdnBjVVlyV0laVk1aRUFtNmJWWEZGNDdQU2UwQ0JEckpEb3dCZXhrcjNPdzhJM1BMTWx3bk5ITXVKYi1pczZLcC1pSWdQMWJrN01OX0NycmFtd0Q4OUZ4ZG52cVpvWTRnbVJfc05QYmFQNktkbkowMVV6WFphTS1kSHhLMkkyUEtZaG5kcmRMTkYyMDZKbFVoNmpFaTIwSFh4V0hpV292U0FaeDhST2hkMmhSaXlfTTd4SWc2TEl5QzhjWnhyNjdtZVBkb3B4eXlaN3R4LWFOM080ZzJv?oc=5,United States (EN),LW,"Labor & Workforce (Strikes, union disputes, labor shortages, layoffs, negotiations)",Boeing (Direct),"Renton, WA, US",5.0
Boeing Strike in St. Louis Ends as Union Approves New Contract,Assembly Magazine,2025-11-26 08:00:00,Boeing Strike in St. Louis Ends as Union Approves New Contract  Assembly Magazine,https://news.google.com/rss/articles/CBMipwFBVV95cUxNVFNpV05LUi1LWGxEVlFZNzg4SmtQRVFRQjctSmVub3d1U0hwcWlRUDI0WXJvX21VQXhJRHdRN3d1cW5KOWJ5YXFwQ1VPS0ZSTy1pck90MF82eDI0TFdHN0pvNEpvc0tSb01OZndCaEdnS1NvVWc4QmhfLVBvQWMwRUljd09raDU0TklIbXJxaXQxeE9HX1Ftel9OSzZ5c3FsdEFnNHlrWQ?oc=5,United States (EN),LW,"Labor & Workforce (Strikes, union disputes, labor shortages, layoffs, negotiations)",Boeing (Direct),"Renton, WA, US",5.0
US Senate committee slams Boeing for cutting health care to striking St. Louis workers,Missouri Independent,2025-10-22 07:00:00,US Senate committee slams Boeing for cutting health care to striking St. Louis workers  Missouri Independent,https://news.google.com/rss/articles/CBMiyAFBVV95cUxQTmlDeFpnTmg3X1lKaUo4NUdRWlptQ05CVmlXamdYUDh6VF9hNlQ4T0F4emFuODJ4WXVSQzhhYll5SUVIVDdnWXZpdHhVa1gtYzJRU2NZb1ViTHZ4NlpGWDBrbExUWmgxeFhpamZsZGc0cHJ5Y3J0MEVxM0JPSmpLVHROc1NiZFQ3QzdiTzBIR2p4UTNsbnQxVDJJMldpbFV0ekJfdTFrX1VvZGI2UFpaRmxfNVpwcEQ4ZHlEWUtrNExudTgzQjNmWQ?oc=5,United States (EN),CS,"Cyber & IT Security (Ransomware attacks, IT/system outages, data breaches at key suppliers)",Boeing (Direct),"Renton, WA, US",2.5
"Boeing’s strike response more aggressive in St. Louis than Seattle, labor expert says",STLPR,2025-10-14 07:00:00,"Boeing’s strike response more aggressive in St. Louis than Seattle, labor expert says  STLPR",https://news.google.com/rss/articles/CBMivwFBVV95cUxPN3pBZS1JNFN2WUtqMXM3ZVB2c3ZQX1JGQ0tpUUZMdDdJdFBzOXRHNVltSXI0U202TDNEQU1BeVhXdDdrLWtsVTNBS052cGpCN2VzQ2VIQkNza1NSbVlLOG5vTWtHTVFwaEVzUUpCSm5vQ1JtdkhORUdYNllmcjN3TzlWazNwc285OFJ1bklzYUtnc1U4OHk3dmZ3aXMxVU9nWktpVGxMWWRaRVEwZGREQ0ZPU09XYWkxOXV2NzUzYw?oc=5,United States (EN),LW,"Labor & Workforce (Strikes, union disputes, labor shortages, layoffs, negotiations)",Boeing (Direct),"Renton, WA, US",5.0
St. Louis-area Boeing workers back union proposal to end six-week strike,Missouri Independent,2025-09-19 07:00:00,St. Louis-area Boeing workers back union proposal to end six-week strike  Missouri Independent,https://news.google.com/rss/articles/CBMitgFBVV95cUxQNDRrejZRZlpNaHA4ajN4bUpIcjBfOEsxWXF1YUFoaGhPc3FTRlJXYjNxbXE2Mzdkc2gzYVRLUW5TZWVON0RFdkhEVjBqNFhTa3NxQ3Z6aEJRdXktY2FqZHNjLW5QMXdYcGozNzNaQnB3MHBKR2hBdnpreXNMaS1heVVfOXYwSklPdmszSWFRMnVRM3pEb1dZbjcyYngtS3dHQ0VDOWpsYXZyeDhrSVdvcjFZdHNsQQ?oc=5,United States (EN),LW,"Labor & Workforce (Strikes, union disputes, labor shortages, layoffs, negotiations)",Boeing (Direct),"Renton, WA, US",5.0
"Bernie Sanders Urges Boeing CEO Ortberg to End St. Louis Strike, Supports IAM Union District 837 Members",IAM Union,2025-10-02 07:00:00,"Bernie Sanders Urges Boeing CEO Ortberg to End St. Louis Strike, Supports IAM Union District 837 Members  IAM Union",https://news.google.com/rss/articles/CBMi0gFBVV95cUxOcE55cDh1Y3dxbmlXcHp3SnZVRUNjV19LMXBOTHNsWWprMUtScTNJU0s5NldOR2pzWm5vUXBpVnUzc09ZbHJHX3k2TU9wTTI4UW8wbmFFYWp4TEtIR1JqM2wtSnJxcUZUTDdRbzNhZm9RQWlvenltcnVIWHd5NU5kRktlYjBlSnFoVzd4b2xvVTZuR19reUFlUkwwaF9qNzEzZ2NFR0wzUVNnSndFMk03OFVlWmt3S256U1lnSEYtdEdOQlMwa0VWeGxhRF8zUWpoLWc?oc=5,United States (EN),LW,"Labor & Workforce (Strikes, union disputes, labor shortages, layoffs, negotiations)",Boeing (Direct),"Renton, WA, US",5.0
"Boeing, union agree to talks in St. Louis after a week of angry exchanges over strike",Missouri Independent,2025-09-26 07:00:00,"Boeing, union agree to talks in St. Louis after a week of angry exchanges over strike  Missouri Independent",https://news.google.com/rss/articles/CBMixgFBVV95cUxNMDA0bHpwYlloOWJVOEVGak1qXzhaXzRBSHFlVDFzOHpuYi0tNVd3MUJsb0cwYzZCYmNySzk5bHVPYl9VczZmR2ZETGJsSno5cEpQUFdLQnhlOS05d0dldkFxLVc4QUVxR3E5aWZYVlZ0MHBvekxtWjUzRXJ1SWRzckxGbm56bFM4OFBFVnVBTGJkM0U0MnJWSkFFaC1rM3c2RmxITHMxTDhnSklJOXN2WVA0WXFzM2FDTlVDX0NaeTU2TVltamc?oc=5,United States (EN),LW,"Labor & Workforce (Strikes, union disputes, labor shortages, layoffs, negotiations)",Boeing (Direct),"Renton, WA, US",5.0
"‘Fight together, win together’: Striking Boeing workers rally in St. Louis",Missouri Independent,2025-10-01 07:00:00,"‘Fight together, win together’: Striking Boeing workers rally in St. Louis  Missouri Independent",https://news.google.com/rss/articles/CBMiswFBVV95cUxQTlVkcWVUU2VkUUlpMzBNZTlrS1QxSUJmVFk0OERLWnJGM1F5VWRGMDdsYmd5S0RQR1dWWElFd1BGMTd1LXpteFkwQ0IyQW5wWm1Ydnl3cTBOZDV0WnhpUXFaYURuUzFwWWVUNlFJY1hNdnVjTno3TGVsS0xQeXBWV1pvM0Vab3JYaERhWWZSTk5IYjF3NFIyU3FsSkkyUmZRb1RqZU13ZmJjSGVvTTNYMFJCZw?oc=5,United States (EN),MP,"Manufacturing & Production (Autoclave downtime, kiln shutdowns, factory floor capacity constraints)",Boeing (Direct),"Renton, WA, US",2.5
IAM Union District 837 Members Reject Boeing’s Latest Offer as Company’s Refusal to Offer Fair Contract Continues to Threaten Military Readiness,IAM Union,2025-10-26 07:00:00,IAM Union District 837 Members Reject Boeing’s Latest Offer as Company’s Refusal to Offer Fair Contract Continues to Threaten Military Readiness  IAM Union,https://news.google.com/rss/articles/CBMi_wFBVV95cUxNVmZ6RWdNRzBXNThqSk42ZWI2YnREcUwyQy1EalZQdFNCUmJ6dkUyLUloZGdKVmxhcXhHVW04NzdzcVZNYTN4dkUxbVA5YnRtVEg0LVNMQUFhOWxaUTNjTzhJbFBvVnRtVHRQd1ZBR1VVWWtDbkh2dzVMYm1fRFF4Wjd6SEpCZ0diM3FHZ3Q3X2JUd1VzcmdDeW9OTmh0c2ZGNlpXQnNrSTB2M0pJdUxEWDhYZjJoaXl5MnJqcDBCVWtlaFFiYzFiLUJTVmpDNDhxQko1bktNa3IxTnp3YWFzcXBBYTQ5anpNM0NxRDdodXJxVDYzZFByam1FWjNyWGM?oc=5,United States (EN),LW,"Labor & Workforce (Strikes, union disputes, labor shortages, layoffs, negotiations)",Boeing (Direct),"Renton, WA, US",2.5
Pacific Northwest IAM Boeing Workers Donate to Support IAM District 837 Boeing Workers on Strike in St. Louis,IAM Union,2025-10-10 07:00:00,Pacific Northwest IAM Boeing Workers Donate to Support IAM District 837 Boeing Workers on Strike in St. Louis  IAM Union,https://news.google.com/rss/articles/CBMi2gFBVV95cUxQUHYwQUhybTVkZEFiS3l4NXVsc0wwdVNGdG1WTjNUU2hCMEQyVzVTZU1hci01MzFCMUlNYUVsak5BWlhjdTNLUGtnTy1fdTZHM2xNYVN2M2tvcGlhczFaYVpNTk1PRDk1WEplSWhxQmg0dlhjSW01YnQ3UmJpQU92MUdwUnFPajlQcXl6ZmdqQm95MHgwRm03aXN1a1Vsdmx0cjVSQ2x1T09zd2ZjbVY0MDRoTEFXbC02UjR4SVYtVG1GaWRzNGJnUzRyYnhmbGxwcGg2U3hsRHVyQQ?oc=5,United States (EN),LW,"Labor & Workforce (Strikes, union disputes, labor shortages, layoffs, negotiations)",Boeing (Direct),"Renton, WA, US",5.0
Bipartisan Group of House Armed Services Committee Members Urge Boeing to Negotiate in Good Faith as Military Deliveries Fall Further Behind Amidst Strike,IAM Union,2025-10-29 07:00:00,Bipartisan Group of House Armed Services Committee Members Urge Boeing to Negotiate in Good Faith as Military Deliveries Fall Further Behind Amidst Strike  IAM Union,https://news.google.com/rss/articles/CBMijwJBVV95cUxNR1d6SE9FWDlEODhxd2hYVktid3JOeko5MUg1RGhkbkY0R3BiVzkyNzEwald4Z2w4Mk1ybmo3N2VycnRoTGE2MGwzcDlPdlpoYWdCSlJrYUwwRGhfdC1UV2xUT0NMWVFxQnpZSUVSTkgwdkxVdUNOeVN5UEZQaWdCMjA3THNYcGJUWVhjbHVWd0NiOWNRdVpXc1JJUnNMMmRvXy1uZUkyeVdYcWExTVlWbFNwckVjNE1DUXM3U3ZhUW1fdF9adjlqUllBS19BYXVZNC1menBsUFJ6T21JLTFWM3BuV3ltbGZ5elNqcHZHOUZzbVJlSTN0TExLLWJmMmFfZEMzYWFFV0FtNmVpSmZR?oc=5,United States (EN),LW,"Labor & Workforce (Strikes, union disputes, labor shortages, layoffs, negotiations)",Boeing (Direct),"Renton, WA, US",5.0
Machinists’ strike barely impacts Boeing’s Q3 revenue of $23.3B,Manufacturing Dive,2025-11-03 08:00:00,Machinists’ strike barely impacts Boeing’s Q3 revenue of $23.3B  Manufacturing Dive,https://news.google.com/rss/articles/CBMiqgFBVV95cUxNMXkyNUoxQkIzNUxjQ3prcVd2SmhnbDZ0YTRkOXZPX1ZCWURGZTQ2QXE1eTlhdE1UaUVUbGhKVlhmNkZIVDNhdWlMQTJ1Q19ySmw0cGJ5eTRWSzM5THVEWG1HUVhMb2d3a3hOd3ZFMC16TTVxZUZZbmhWS19LTEpuMld2WmktU24zUmZyS3hmTzJUWUZha0hzMTZtU3BfS1M2NjJPaHY3emY5Zw?oc=5,United States (EN),LW,"Labor & Workforce (Strikes, union disputes, labor shortages, layoffs, negotiations)",Boeing (Direct),"Renton, WA, US",5.0
US Boeing workers continue midwest strike after rejecting latest contract offer,The Guardian,2025-10-27 07:00:00,US Boeing workers continue midwest strike after rejecting latest contract offer  The Guardian,https://news.google.com/rss/articles/CBMimAFBVV95cUxPWU03b3R1OTdmU0tnWU9JTHZrbm5yWHRVNXlqWmdSWlZpMmt5WU9rdktaemRERHc5c0FTc3RBQVZubXhJX2RSdGlFS25sWUNqRWpkblhmVTRBRGd3bFM2dE43VGV4b1lnLWhJV3F0ZUR1TXJUNGRxZEVFWHJGc0lMRTJYaTdBcmlYUzJfYUY4Yk5KUXpaNlJTZA?oc=5,United States (EN),LW,"Labor & Workforce (Strikes, union disputes, labor shortages, layoffs, negotiations)",Boeing (Direct),"Renton, WA, US",5.0
"Senator Hawley Letter Continues Calls for Boeing to ‘Get a Deal Done’ with 3,200 Striking IAM Union St. Louis Defense Workers",IAM Union,2025-11-05 08:00:00,"Senator Hawley Letter Continues Calls for Boeing to ‘Get a Deal Done’ with 3,200 Striking IAM Union St. Louis Defense Workers  IAM Union",https://news.google.com/rss/articles/CBMi6wFBVV95cUxPX1Q0MERmUFh2OVhuSDFtanlhZS1DZThVdjM4eUVHQk9CS2xqQl9LS1NzSllJd1d5eDVORTFhZXRSMTVSVDNVWlcwLUxqQ1B6X2FYUS1QalI1MmxNeGN1TlJaUTB4YkJqSUR3aDlMQnV2WU5FTS1yWmh4NHNMRGVxTktzREJkOWhjTjdPLUVFWFpXVVZlWDNqNGpaWHpKLWVvWlRQQVMtMHZjaE5qcmdaZkp3TGJXanNPU2VFT2hCdFVMcFVQTnUtaVRNM2tpcEF4b1EwajR0bE92MXdYSndWQTdtbjdSQ0ZuWnRZ?oc=5,United States (EN),LW,"Labor & Workforce (Strikes, union disputes, labor shortages, layoffs, negotiations)",Boeing (Direct),"Renton, WA, US",2.5
Hawley and Sanders question Boeing’s labor attorney about St. Louis strike,Missouri Independent,2025-10-03 07:00:00,Hawley and Sanders question Boeing’s labor attorney about St. Louis strike  Missouri Independent,https://news.google.com/rss/articles/CBMitwFBVV95cUxNOXM1RXd2ZEcwbzdWQlVMWjlkY183STF0bXFua3lGR3lTTHdhbzJIdjh1UTVlTmF1Z1NGZy1rTFFnTjlrNHNJZnlBUkx3VWJ1THpnUGxOMzd3Wkx5dF9yOTIwV1Zpa2RCZXZGQk94MWc3WGV3cGtPc0NFamdCN20zMW9CTFVFMG11MUhnNmQ0Q1VNYUdkejhVZ3ZXamlXeVMxNDNnN0t1WjRwVFlQcllqdkdLSnVidDQ?oc=5,United States (EN),LW,"Labor & Workforce (Strikes, union disputes, labor shortages, layoffs, negotiations)",Boeing (Direct),"Renton, WA, US",5.0
Airbus and Boeing Report September 2025 Commercial Aircraft Orders and Deliveries,Forecast International,2025-10-14 07:00:00,Airbus and Boeing Report September 2025 Commercial Aircraft Orders and Deliveries  Forecast International,https://news.google.com/rss/articles/CBMi1AFBVV95cUxPTXh4cmVwNGtNWXpXcDJIeEU5UEt4NG9scVNKdkwzRmpTMm1qZTFnOWw1Vkw3aVpTVHl4S3d2MzFBNnNNWlFpdG9LbTVwOXpwckNjU1pfeWNOQk9zUV8yYW5PbV9wajh3aElCUXZrbFY5TFp1bWZEVGdybFV6RXQ1THA5ZlZVMnNRNFBkVVg5cVd3dXFoVUQyellvYVlTYWxqaUpaNnhpc2RNUE5LOWhrSVE1R2swUDRuUFhYM1RRZ0Z6TlBZYXQyX2pRVXdsd1dzMEJwdw?oc=5,United States (EN),MS,"Material & Component Shortages (Raw material shortages, castings, fasteners, titanium/nickel delays)",Boeing (Direct),"Renton, WA, US",2.5
Airbus and Boeing Report October 2025 Commercial Aircraft Orders and Deliveries,Forecast International,2025-11-12 08:00:00,Airbus and Boeing Report October 2025 Commercial Aircraft Orders and Deliveries  Forecast International,https://news.google.com/rss/articles/CBMi0gFBVV95cUxPYVU1NEFXcExlb3ZwM0Uwd3lTSFJiS3BZc1NTYmZuVGh0M2NHZWc4MVQ5aDJGMUcwMm5idmVlS2Zra1ZiZnd3TjR1bUItZXU4d1VGeDRFcDdra0Y3ZENhc29BVG54bzB6UjhFNGxxT3JEVkdhbXV0SXlwN3Bsd1p5S0dtaFRrOUVvb1RBbmlVcnNydXJNX1Rlb1VjTTVldVZmSzZPUE9QdFF4Tk4yVmtsM3h5QWF2SGFNSFI2RjN2aXJ5ZVlvR21BUGFfak5aVU5WNEE?oc=5,United States (EN),MS,"Material & Component Shortages (Raw material shortages, castings, fasteners, titanium/nickel delays)",Boeing (Direct),"Renton, WA, US",2.5
"IAM District 837 Members in St. Louis Reject Latest Boeing Offer, Strike for Fair Contract",IAM Union,2025-08-03 07:00:00,"IAM District 837 Members in St. Louis Reject Latest Boeing Offer, Strike for Fair Contract  IAM Union",https://news.google.com/rss/articles/CBMitwFBVV95cUxQQXA2MnhjMk41TUlPZENsX2c2aXFwWDJhYkFLYk1LUGRBM29LbTFnd2VsenhaeDZpbVJ1dFBzYTJSeExiU0tkTHFmdXl4NGdXZ1FBbGVFOHJiTzNwLWFmV2c1Rk9VSUJtUEI2VXVjaDNvSVFxQUtPeUVFUjdwMGJBd3NEY1VybzJHRDhOODM5amFRNXlhanNCSTRFZUpDcEVWRF9MQ0RMUXhBWk1CZDI4RGtZaVgtNlU?oc=5,United States (EN),LW,"Labor & Workforce (Strikes, union disputes, labor shortages, layoffs, negotiations)",Boeing (Direct),"Renton, WA, US",5.0
"Boeing executives say operations ‘turning a corner,’ despite 777X delay, charge",Aerospace America,2025-10-29 07:00:00,"Boeing executives say operations ‘turning a corner,’ despite 777X delay, charge  Aerospace America",https://news.google.com/rss/articles/CBMirwFBVV95cUxOVkRmNkh5aHVxcUhBVkNBdDdqaE5fRzEycUhSZ3hvb1pmVXBiNnhTOGNFNTBfNW5fZ1gxeE9LTFdiQkJUb2hyUHZMd1RGTEtvRmFXWnRnV2loTFdIemtJTGFWUWR0LWszV3JCYzZxLUVlWWYtdGFSbVBzazA2bzRRUllxbFBhdUJSZnRVbERuOFZlenlIb3AtWWg0NUd5ZWJRSldUYlNXUHBmN21Ua0lR?oc=5,United States (EN),LT,"Logistics & Transportation (Rail delays, port congestion, shipping/air cargo capacity bottlenecks)",Boeing (Direct),"Renton, WA, US",5.0
St. Louis-area Boeing workers back on strike after rejecting contract offer,Missouri Independent,2025-09-12 07:00:00,St. Louis-area Boeing workers back on strike after rejecting contract offer  Missouri Independent,https://news.google.com/rss/articles/CBMitAFBVV95cUxPajZacDZUeTdPdHhYWk90cXBoR04wcjVOOEFVd0JwX21jZHIxaUR2TFA1VXdrcE8wWUtPeGFDRm5qZ0VaMjJmQ0Y2ZlVFN0dLWW9lcUtxa1VEZ2xhdjBURnhfdXlPNy1ndFNaM1RwS2VidFFmUXBIU1Y3Q3JJTXdwaGcxVEFUUExsUE5tbUZSbDRna0VLSUwzclNlOEVCYmhtME5CVURGeGx3c3I1NlZVeVlSa3I?oc=5,United States (EN),LW,"Labor & Workforce (Strikes, union disputes, labor shortages, layoffs, negotiations)",Boeing (Direct),"Renton, WA, US",5.0
Striking St. Louis Boeing union workers file federal labor law complaint,Missouri Independent,2025-10-16 07:00:00,Striking St. Louis Boeing union workers file federal labor law complaint  Missouri Independent,https://news.google.com/rss/articles/CBMisAFBVV95cUxOX2JsQktKVlVnZ0p3Wl9seWlJSlFFMXBUcXB4alBVN1JJRnhVTlkwMVF3amNJSUhTUTgxbWUyRTREdzJiUjY0dE80YnhZeFozd2x1aHBIZ1FGb0RCTTdFN3JSVC1TNEFCWTRvSF82d3FhWGFwdGMzVWpNaTJxUkJRdG1ERVIzeTU1VWNmVmhZaU1yZTZCWGNrOU8wX1kyYk9LTDNjX3paaHZOTVVsVnUyNg?oc=5,United States (EN),LW,"Labor & Workforce (Strikes, union disputes, labor shortages, layoffs, negotiations)",Boeing (Direct),"Renton, WA, US",2.5
"Boeing workers reject latest contract offer, extending strike at three Midwest plants",PBS,2025-09-12 07:00:00,"Boeing workers reject latest contract offer, extending strike at three Midwest plants  PBS",https://news.google.com/rss/articles/CBMivgFBVV95cUxORFhJNXA1Tm9xSkFHd1ozQmJacm14UFRNMndYRm1icm9VY0hoQ3NDVTJ2NjZxMVkyWV8td3JHSFlTOEpQelhjQkxYeEdJRlA5THFaS3RPWGZVaGJfMlEtc2I5dlB1V2hPbTJOZ1VtX3dkMVhGbjYxeDluNjVDY0JhTFR2SVVGMDJWYnFjMEhhWFRpdHlCTXFlTklZNFdHYUMyN3o2RDZrUWtKZy1pSnVFZERrdXRtZTJrS3BqM05B0gHDAUFVX3lxTFBWRnZfZTl2RFZ6aWJQd1pGUHFyMzVvcV9jTFlRV1UyblQ1YzdLLTR6Vm1tUVZNZFZUbXZlc1A1a0x4VWExY1VCVHlqQmZidUxkMFFNdC15MllVRmFkU1o2UGEwLXBSSi1Zb21HanJ2TkNCMEVHbzdfS1VxaHk5R2NCNkFZYnFUNDlua0pNOUNua05JREtYRHNFUDRGSmJhdThBaWtqOTJDM05rbTNVOU1Kb2s4NHBtR3NfZWU3YnEwLU5aUQ?oc=5,United States (EN),LW,"Labor & Workforce (Strikes, union disputes, labor shortages, layoffs, negotiations)",Boeing (Direct),"Renton, WA, US",5.0
"Latest round of Boeing contract negotiations ends with no deal, strike continues",STLPR,2025-10-22 07:00:00,"Latest round of Boeing contract negotiations ends with no deal, strike continues  STLPR",https://news.google.com/rss/articles/CBMiqwFBVV95cUxNMzl5bWlqY2E4NnJqeHZHUFQweGRBM1l2Qm1aQnM5dDhoY2F1TC1ackVKSG9GR3RDTVNQbW01eTVILU1CZ1lsOEs1MWI4RUMxWFNLbnYxUEI1eG1ld0I0UVVrVlJRaDIwMUNjN1NWMXM1dmZKU3dMdnRuTW0xOVEwaFdEUkNWZWRQVzFQRTlhSXRWWS1DekpCaEszY21zMi1ZNXIxMWZrWTFadzQ?oc=5,United States (EN),LW,"Labor & Workforce (Strikes, union disputes, labor shortages, layoffs, negotiations)",Boeing (Direct),"Renton, WA, US",5.0
Congressional Leaders Urge Boeing to Bargain in Good Faith Amid IAM Union Strike in St. Louis,IAM Union,2025-09-18 07:00:00,Congressional Leaders Urge Boeing to Bargain in Good Faith Amid IAM Union Strike in St. Louis  IAM Union,https://news.google.com/rss/articles/CBMixAFBVV95cUxOMFk2SUNJcUlxVDNoWXV1cElmRU9zYUtLNDNBWVNKTlB5eHYyRF9uM0kxbkRUSGVBT3NjVUlyVkU4U2lRbzBPYTNnYVRydzRUVnJpZUg4TkVPMW9rODJFQzZCa1hlS1RETFVoYzMzY2ZjS1Zhc2xFcElHNVNGa1JhN1RneVlURnJMQ0dBeGNZYUtGYTN3VE8tRkRjZEF4QVRmdThBZi1JOGtlZ0czdk5MNlBuLU9VYlVPUC1vbVY1aDdPM3JR?oc=5,United States (EN),LW,"Labor & Workforce (Strikes, union disputes, labor shortages, layoffs, negotiations)",Boeing (Direct),"Renton, WA, US",5.0
Striking St. Louis-area Boeing workers to vote on new settlement offer Friday,Missouri Independent,2025-09-10 07:00:00,Striking St. Louis-area Boeing workers to vote on new settlement offer Friday  Missouri Independent,https://news.google.com/rss/articles/CBMivAFBVV95cUxPWElOWHlKVHAtUldFc3hyOUNjTE8zZThidEc5dFdLdGlCc3d0MlFQN0g4QXRzMHloQXk3dFNtM0FqLXRrWkcxZ2VEQTNSSHpydUFWbWM5b0dTMEFhN0cwMzg5NlUxeHVBeVJQRllrSlM4TUhoS0NRUnc1czNZYk5iS2RyOGNJZWd0b2pnLS14a0lLTFVxbDNnUGFIdzB2eWVBa1NJenpBdm5kZXVhNXRMNmJSVVhIaWJEOGhkNw?oc=5,United States (EN),MP,"Manufacturing & Production (Autoclave downtime, kiln shutdowns, factory floor capacity constraints)",Boeing (Direct),"Renton, WA, US",2.5
Boeing to hire replacements for union workers on strike,STLPR,2025-09-04 07:00:00,Boeing to hire replacements for union workers on strike  STLPR,https://news.google.com/rss/articles/CBMiogFBVV95cUxPbGpaSEp6OHlfQUNyQWtkU2JvRVZyR3J5VFBxd2kwWGJxenhuWks1SnFvbkVrX1JxMVNWcGRlQ21NVmxwbEhTT05GZzBMTlBOZmlySDZsTGlpbXUyZkwta3otMnYwV3AzU0t3ZmttMjJjSWlOWEZ1bDY2WmFLYkdlWHZYSXAtTmVFX1c4bzRISy1xWk0xeDl5bXhMQlJOVXlOU0E?oc=5,United States (EN),LW,"Labor & Workforce (Strikes, union disputes, labor shortages, layoffs, negotiations)",Boeing (Direct),"Renton, WA, US",5.0
The Boeing strike is dragging on at its F-15 and Hornet factories in the Midwest,Business Insider,2025-10-26 07:00:00,The Boeing strike is dragging on at its F-15 and Hornet factories in the Midwest  Business Insider,https://news.google.com/rss/articles/CBMingFBVV95cUxPQlVkdFp5SUlQem1ZbUZGV25BYTAzM1FyQmhIbkVhUFg4Tjc1VVJlYUxmWWQxLWxSWUlDb25ScEd4OVBXMmtHYWx2cDAyUUE2Z0VrNVRrSl9POWpYUWo2OWtQNHpMMUpBM0lDalc4MmUxcHNjbGVNWG13M09od0ltTktpN1FxZTdlWVcwckhMMGlaU3U4R2RNQUY4QXpPUQ?oc=5,United States (EN),LW,"Labor & Workforce (Strikes, union disputes, labor shortages, layoffs, negotiations)",Boeing (Direct),"Renton, WA, US",5.0
"Amid strike, Boeing taking rare step of hiring permanent replacements for union workers",Breaking Defense,2025-09-25 07:00:00,"Amid strike, Boeing taking rare step of hiring permanent replacements for union workers  Breaking Defense",https://news.google.com/rss/articles/CBMiwAFBVV95cUxPWUdDaTY3SUhwZm9DaXZqd2VGRW9QTFExLXF1UWJzcncxME9vdE1lOVJMVVV5QlFkU2ppVVJwNE9Ra09OMGl4M2U1RlVqLTZrSmN1b3hrU2gwTFhaOVdJV0dhYnZmS3lHUGtWLUFzTWdvVlRaVG9VeFhGQjRSY1l6Y3JOMERKa204RmtBeGpzeWwwbFhVZjlvWWRxa0k3OVBDLUEyTnhrXzVLVllTMkIwREtaOF9wWXRaeXRlYnFuano?oc=5,United States (EN),LW,"Labor & Workforce (Strikes, union disputes, labor shortages, layoffs, negotiations)",Boeing (Direct),"Renton, WA, US",5.0
Boeing rejects union’s counteroffer; St. Louis strike continues,FOX 2,2025-10-28 07:00:00,Boeing rejects union’s counteroffer; St. Louis strike continues  FOX 2,https://news.google.com/rss/articles/CBMioAFBVV95cUxNT2c5eVMxYVdEYmtrTngtdlRFWWRQaVVacUNReGtJMEdWOG5MazdBSmhTRXpLd2pUdlRtREpQUVZtUmlyQjRuS3RoY3UzOHR2VDFwaW5QeVRCNjVleTVVZlRnM1VBWUtNRElUQkhUa0U2N2JFZGtMWGlaa181cUZXaGJDazUzOHExTEhFVzNST1U3ckJGWWUtek9paDlzOUpl0gGmAUFVX3lxTE5IcnRNYW9uV3VpMFRLNHE3ZXNobmZydHdRUDJYSjFGSXNseWpIZlN6OTUzLWhhQ2V1LWtGOUo5c2NGRVZpc216aVhCZFdmQWRmVmRfanZGdjJFdWgxZVhVUk5NU19WVHBSbk9XSTN4dVNoVDRKRjNUM1ZCX0pxQjVkUlloT3FwYjk5dXp3ajRIbzVHUzJybVk5bHo3b3BpZ3VPdzhFeGc?oc=5,United States (EN),LW,"Labor & Workforce (Strikes, union disputes, labor shortages, layoffs, negotiations)",Boeing (Direct),"Renton, WA, US",5.0
"Union rejects third Boeing St. Louis contract proposal, strike continues",STLPR,2025-09-12 07:00:00,"Union rejects third Boeing St. Louis contract proposal, strike continues  STLPR",https://news.google.com/rss/articles/CBMiuAFBVV95cUxQZFc3MDQ5UEtBQWdubGVlOC1pYVlTUDIzdWlYaFRqN2ZCWFdQdDJHYlpGNGRJOG55SWtoeHBpUWd2OTRNY3h3OEJ6QjlYdmVRLWZZdmdEeEI4N1BHVmFkTHY3Zk1DVlM1dVVOZ21xYjNYUG9NSHR5ektya3hKTEFXNElnOUFNNHNBVTJfQURxcFFyd2dPa2RrVkpyWElXcjlPSVd3WGlfN1E2aVVVcnRROHBsaGRGa3ZF?oc=5,United States (EN),LW,"Labor & Workforce (Strikes, union disputes, labor shortages, layoffs, negotiations)",Boeing (Direct),"Renton, WA, US",5.0
Boeing Downplays Strike's Impact On Key Defense Programs,Aviation Week,2025-10-29 07:00:00,Boeing Downplays Strike's Impact On Key Defense Programs  Aviation Week,https://news.google.com/rss/articles/CBMinwFBVV95cUxONFQtSUgxWDNVa3JQWnNDYi1taUduZmNyUzJ1ejg1TzRNdzhGdGRXRnMtN2g5cVpkNmt5bncwT2ZzTG9QWVNuWk9YVE93WDk0SkdSSVhKZjByN0wwNWpITERWd1NOYzd1Y3daMGM2ek9EUXdmVUE0V0VjU3FhMUdkZlpQQVJ6NFRpd2xPUHZBNTFLalo5QUhybGJNYTFVVnM?oc=5,United States (EN),LW,"Labor & Workforce (Strikes, union disputes, labor shortages, layoffs, negotiations)",Boeing (Direct),"Renton, WA, US",5.0
Thousands of Boeing workers who build fighter jets just went on strike,PBS,2025-08-04 07:00:00,Thousands of Boeing workers who build fighter jets just went on strike  PBS,https://news.google.com/rss/articles/CBMiqwFBVV95cUxNenNWRnRxVlVRcUZlTjd5TU1oeXhPRGRXMjJMZGhLNVdOVmI0ZW40WHVnQ1FnaS1fNkVWUHBkUk9ZaEg3dW5rRy1DNVY2YVVrcTd6dWNoa25ldGt6OTRfeGVwazRSSGkxM2ZMZDNJY2c4Nzc3anVrRGZERGZab19HWUF2eDNmRTRUaWRLaGVRS3NfRURUQ1RQUkNfN0t0Y3dOYzQ5UmUzd0hVZHPSAbABQVVfeXFMTjhRdUx4VF9ZbGZuM24ydFJUWUpQY01PLXNDaGMwQzJtQkR0LW5ISUljdFQxZ3pHNHlyeld1YlRaeGR5ZFNJc3QzbWQ4WXNXNk5KYUZtSV9paUxnd2wtN2V0T0hQZWhfV1JWZGMyWWZqQWVIV1NkNU1jZFFTSXliLTFGd3FuQl95Z3J2RGZzRFVyb01yd0JVQVRkWFdCSGx3YmR3amFIcXVtSVdDVzJ5aW4?oc=5,United States (EN),LW,"Labor & Workforce (Strikes, union disputes, labor shortages, layoffs, negotiations)",Boeing (Direct),"Renton, WA, US",5.0
Boeing strike reaches Day 93,KSDK,2025-11-05 08:00:00,Boeing strike reaches Day 93  KSDK,https://news.google.com/rss/articles/CBMiogFBVV95cUxNREVaWmZCV09ObXRPS2ptc2NPcm9EdWVaOXo5SS14SmU3MTJNT0d5MFl0QzYxckd0RDJHbHY0YUxPYUhCUnpCeGFkRmwyQ3ZtNG5xanludldXM1BpRGpVZm9ReFBKWjJuYy1UbUswRFNpMzJIb3djS3lKalVjNzJ2MzljRkZvSldady11QXk4UkZSX2RUS3Jhal9JSDBQQ2ZvU2c?oc=5,United States (EN),LW,"Labor & Workforce (Strikes, union disputes, labor shortages, layoffs, negotiations)",Boeing (Direct),"Renton, WA, US",5.0
Boeing Workers to Vote Friday on Potential Strike Deal,Inkstick Media,2025-09-11 07:00:00,Boeing Workers to Vote Friday on Potential Strike Deal  Inkstick Media,https://news.google.com/rss/articles/CBMiiAFBVV95cUxQcFRHVW1JRmFiSGdYUWlYZEFEUWlPeHlnbEhUTWZSUWF1c193ZG9qMkk1bm8waUhXVUlVcGJlNk1sZEhoUk1DVnkwbWJOU3h4ejhpNEVJQmo0bi14dGctTlU2QVJnaUJWR0pMZXNfc0laQVM4ZnBwM2FXcVpYMXBGVE50RDlRSm94?oc=5,United States (EN),LW,"Labor & Workforce (Strikes, union disputes, labor shortages, layoffs, negotiations)",Boeing (Direct),"Renton, WA, US",5.0
"United Automobile, Aerospace and Agricultural Implement Workers of America",UAW,2025-09-13 07:00:00,"United Automobile, Aerospace and Agricultural Implement Workers of America  UAW",https://news.google.com/rss/articles/CBMi1AFBVV95cUxOcXFrMHl1SkxBUXdTMnhFTElXZXdSejd1SEV5NjFVYVd3dEJzNWFYY2JlbVNsSk01c3lRa3ZNaE91THFkaDlsQ2Fhem5XTThUN2R0RHozaU5ZY0NXTWJpSDN5SFNlTDFIVEQ0M3pKbExrOXlNZnN4TEdZNUVoenRhbHRrWDdtcTJTZkFxY3BHZFNWWlZJVmVKRHdtT1diWkRzbjY5LU5CXy1Ob09WeUd4V3VyY2pES3BlSWJMYkkxaWg4dVR0OG16TVlwb3VkT0xaVXpHUA?oc=5,United States (EN),CS,"Cyber & IT Security (Ransomware attacks, IT/system outages, data breaches at key suppliers)",Undetermined Supplier,"Toulouse, FR",2.5
GE Aerospace strike: Both sides return to negotiating table,FOX19 | Cincinnati,2025-09-10 07:00:00,GE Aerospace strike: Both sides return to negotiating table  FOX19 | Cincinnati,https://news.google.com/rss/articles/CBMikwFBVV95cUxORG9DcTUxeXRueDBSZXp4OThlM3haVERUYTJlQi12YlRfNmpxOGU0Nkp0WktESzkzV0UxbTRYa0I1SEY3VHpraktzS09FbnBuU195STNsS0NPNTUtYVdEU213YUZ6YnZyNlBVcU9rQmlNWjR0WHp2Y2o3ZEJoMGQybWtacXlxNnBSQWtBcy0xdGswOGvSAacBQVVfeXFMTXU2Zk54cXRjWHF5WmhNYzY5NkhVbjB1V05WYkMtMmhEeEFlRmFHVGczRWdORjNmQkxNeDFzV1djbXdKMG02N3VWZFdVd0VOZ21VUzJxYWhIN3ZVUlNlZnhwSUdCYUdXMEt0eHZGRi1qeXdLUDJ6TGtCMy1qV2ZZVkFPNkVsMkFiT2tnZnJfbWJIZ2FfeUZ4RlhVbnZLbzJmWHFIVzdZUEU?oc=5,United States (EN),LW,"Labor & Workforce (Strikes, union disputes, labor shortages, layoffs, negotiations)",GE Aerospace,"Evendale, OH, US",5.0
"GE Aerospace workers vote to ratify contract, ending Cincinnati-area strike",Manufacturing Dive,2025-09-22 07:00:00,"GE Aerospace workers vote to ratify contract, ending Cincinnati-area strike  Manufacturing Dive",https://news.google.com/rss/articles/CBMixAFBVV95cUxNV0pNMENBUTVLRXBCb01nbmVkZHpHMl9yNXUyR2NQVm1ibUxlN1pJUVF3NGZienlxbXZqUGJRQlo5d0QtaWd6eFN6SjMtNHRUdEszdGljTnVzMU9JRnJ2c1VFZkI3T1I3S2JycWtjOG9raGE4bGxGQVIxMDRvOTdkWG1HSFFOUkNYa2c1UTFWdkxwM29sT0tXT1FPUlkySHRTeHgzTV9hc0tHZjUzMllMQ3ZtSW9ZbGkxd2J3U3JIaHd2Tjdp?oc=5,United States (EN),LW,"Labor & Workforce (Strikes, union disputes, labor shortages, layoffs, negotiations)",GE Aerospace,"Evendale, OH, US",5.0
Firefighters battle fire at Spirit AeroSystems after lightning strike,KWCH,2025-09-23 07:00:00,Firefighters battle fire at Spirit AeroSystems after lightning strike  KWCH,https://news.google.com/rss/articles/CBMiiwFBVV95cUxPa2JWV3IzQUxzZXpySlI4Umk4UnpfQTFER2Y3V2ZCcGNyUlQ3VHpSWV9kdTRqUDk4RXl4ckxRNGprak5jc2t1bE5ETmFxMXM1M0YzbmNJNDhkOUlNUXZPVGxvaGktNU8zU3lSRXdZNG8zRnlHZjBDUHBRa0JFRWthbnROQzB1ZnQ2VVZB0gGfAUFVX3lxTE02QUROd29YUFctS2dDVzBIb3c5aW1CUWs1MlVWMTNRU0tQZ1o1RmNpY0pqMmNnREh5eFJzazNHMXU0c1FYdHkxX2JDTnN6UUlEejdrNVBleGhWNEEtNXB5MDJBZllVdTNuUkVMTmNGb1kzc09wR21qTmpUNkVIUUdkdjRQeHpWNkVfSW15Z2ROSlpGOFl5eWNCVWFjUGotSQ?oc=5,United States (EN),LW,"Labor & Workforce (Strikes, union disputes, labor shortages, layoffs, negotiations)",Spirit AeroSystems,"Wichita, KS, US",5.0
UAW workers on strike after failed negotiations with GE Aerospace,Spectrum News,2025-08-28 07:00:00,UAW workers on strike after failed negotiations with GE Aerospace  Spectrum News,https://news.google.com/rss/articles/CBMihgFBVV95cUxNcDdJR2dyOEw4U0JpQkU2V05uc0NXUFE3b2dYTXMzYjYwck1Vcll3MUYzejJJOGpGU2pmSXNmR0RsSjlyaC1rTjFVWDlTSGNrNmQ4RmxhUm5sdTlaVUpLTk45bnllWjZNRk51bFN2UWJVeWdtOUt4UVUzTTc5a2Q1Q0EyRjBCdw?oc=5,United States (EN),LW,"Labor & Workforce (Strikes, union disputes, labor shortages, layoffs, negotiations)",GE Aerospace,"Evendale, OH, US",5.0
"UAW, GE Aerospace reach tentative agreement on new contract after strike",WLWT,2025-09-12 07:00:00,"UAW, GE Aerospace reach tentative agreement on new contract after strike  WLWT",https://news.google.com/rss/articles/CBMikAFBVV95cUxQTjFYYkIzYjc3X2lJZTVfUC1rQjc5RDJ4Y3ZVSHlxMnBJUFRIMngwSlpVT05BUXpqeXVjcnVqQTNpMDY3UlZZcThZeUJtbkdicFFPa2dZaWVmYmIxbVg2VEkzRURuNWRxd0NoVldnWnJlSDVnS3puXy1fc1BmeXcyanlYVldjeVlUMm1aZEViczU?oc=5,United States (EN),LW,"Labor & Workforce (Strikes, union disputes, labor shortages, layoffs, negotiations)",GE Aerospace,"Evendale, OH, US",5.0
'We're hearing a bunch of rumors': GE Aerospace strike hits 1 week with no end in sight,WKEF,2025-09-03 07:00:00,'We're hearing a bunch of rumors': GE Aerospace strike hits 1 week with no end in sight  WKEF,https://news.google.com/rss/articles/CBMiggNBVV95cUxOMU1MbjJIdVlHRFVuMkhQTU1IaEg5eHFtblpNNmpscG9SaGJpdWp0OTVHR3JRem5DNEZxSG9JbkxUUjFUM1NEVUp4TUNianZIQ2ZpWXRsOENUb3FWaE5SRXBMVHItU1hwWGpJZldYVWNYWEN1VUZ3WFJoWE5MdWVmNy1WRGE5LXhtcXhud3dKWUVxem1IRnVNRXdXNHNoQm1jcFh0R2FpNDNQaWV0ekgzWUdHcFMtZi04d1VrZjZwZ01fVkZUcjFCdjBKSmFYSktFSDRyQlRWQW9hZGsxZ2JBbVF0dFBJdW1WTm9DWkVvMHM4Y2Z3dmp0OEhZX0dfM2p2c0dSX3kwNzlvSnNVdXNVNkNwdDNHRFpIRmxZZ2Y0aTdMNk93UEhxVTF1SlUyWVl1UUxEelZUd2Jkb2FtNE9KcjZwQ1VWR0IxZWhzOGVDXzdtZnduVDNjUTRCbE5scUkxeWRYSV9TMzVnQ3Vqc0UxRWkwd05TZWlQTVBMVThsYlgxUQ?oc=5,United States (EN),LW,"Labor & Workforce (Strikes, union disputes, labor shortages, layoffs, negotiations)",GE Aerospace,"Evendale, OH, US",5.0
Lightning strike causes fire a Spirit AeroSystems building,KSN.com,2025-09-23 07:00:00,Lightning strike causes fire a Spirit AeroSystems building  KSN.com,https://news.google.com/rss/articles/CBMilAFBVV95cUxOVGo1RzBWYVpXRXNqdXZNWGVlZ0E5Qm9OTldhZFdSSkZxWXBjUU5NV1ppN05fWFhNc0VqclRwbFVqY0NNRFQ3RkJMU2ttV2N2TWdHSDhlZnFpVkEzTUl5b01HQWFhUHFSQXFKeXVmcjFkdE02Nl9sc01RcWlMUUx3UWdOSmtmSndJbFdIeHVkaWpiRzF30gGaAUFVX3lxTE9tQkhpYTRHaHRMNWpCU0tfdk9RdVZBeHhubmk0MFJnalllZ0xlbVlFSzZuRmNZVmRJNXAyXzFmajlyby1DZ1V2U01CNXE4aVd4ZFBETGY5RDN6ODItSzcxOXlZQjdYMGptVlFFYWpTLWhrWU5Jb00yZDNWN01IdzI2M3Nlb1NpbFU5MGtTekxtdnVWNHd2cm9GdUE?oc=5,United States (EN),LW,"Labor & Workforce (Strikes, union disputes, labor shortages, layoffs, negotiations)",Spirit AeroSystems,"Wichita, KS, US",5.0
"UAW workers at GE Aerospace approve new contract, ending strike",WVXU,2025-09-19 07:00:00,"UAW workers at GE Aerospace approve new contract, ending strike  WVXU",https://news.google.com/rss/articles/CBMiqAFBVV95cUxOcW5wZWJLN0ZXU3ZXOGxOWVdVckJMQ3htUFJIbGNSLWhoVmJNeV83dzJiT01RQ2k2Y215ZFdyTk5JSktKVVYxd2RHT1NmdzFobkM1QUVwdl9Jc0hSNGJEWm5acEQ4ZkpPUGhZMVBzQXFzMlpRNkJXVGpaS184UTdPSzBJekIyT0MzSTktcEV3Nkw4S09Sc1VadUYyQ3FLTERmZXMwVnRRT18?oc=5,United States (EN),LW,"Labor & Workforce (Strikes, union disputes, labor shortages, layoffs, negotiations)",GE Aerospace,"Evendale, OH, US",5.0
GE Aerospace Ends Strike: 600 Workers Reach Deal,Manufacturing.net,2025-09-23 07:00:00,GE Aerospace Ends Strike: 600 Workers Reach Deal  Manufacturing.net,https://news.google.com/rss/articles/CBMingFBVV95cUxOX01oQVUxXzVWRWtmb2RLRnJrV2VZcW9jLUdubVVmLUVkR2JpVlNpTl9fRTZWZUFnaUFUaHI5dlpJZkNsRm1yOUlWSEJKYWs0Z3V0NFdDOFNTRlI3N0xvX1NTc3R4NC0wS0dmTnEtTWZwS0FwQW1oR2N4UWdLVllDcWIxR0VCZnl4aEh3WDNCeW9VZ1IwZThTMm1xTFpJUQ?oc=5,United States (EN),LW,"Labor & Workforce (Strikes, union disputes, labor shortages, layoffs, negotiations)",GE Aerospace,"Evendale, OH, US",5.0
"UAW-backed GE Aerospace employees ratify new deal, return to work",The Business Journals,2025-09-20 07:00:00,"UAW-backed GE Aerospace employees ratify new deal, return to work  The Business Journals",https://news.google.com/rss/articles/CBMiqgFBVV95cUxOLW9nUzZBa0J6eHA3OVNqcktKRE1IM0dlUFMtYnQ0WFZBeDNBdmxDZVF0QXRzOHNBUERRUlFzbW1Mb3VHSHk0QnVWN0tOMmI4UGpPR1ZBZzRfclZRX25Pb0hPRVl4UXo2OW9PV0pJZnBHY2FLWlpPc2NQOHBibnRDd3dMUEt2Z3J0SVZnUDUzNDdNM1JLcTN2cHFMM2RhZFIyYW1QcVd5dnVXdw?oc=5,United States (EN),MP,"Manufacturing & Production (Autoclave downtime, kiln shutdowns, factory floor capacity constraints)",GE Aerospace,"Evendale, OH, US",2.5
A two-week strike at GE Aerospace has resulted in a temporary agreement.,Haber Aero,2025-09-15 07:00:00,A two-week strike at GE Aerospace has resulted in a temporary agreement.  Haber Aero,https://news.google.com/rss/articles/CBMiqgFBVV95cUxObzNjV3IyVkpOMFVMdTA0SGFTcDU0VVFkRFNKSmR0Q2V5RS0yOVpNVmN3N2RiejdmWThUbGJMaDk2OVVFV1VHb1BvYkxJaTZKWnlBR3A4QUhlbVNwYlpnNmdWdk1oVnc2dVM1SmJEQjgwbTZ0bkgtYkxMQVVhWGQxSVl0eVEzTUVDQ05SSDk0aVBId1h1SjRXUzBXNEszcThZWkM1SFVzbWRwQQ?oc=5,United States (EN),LW,"Labor & Workforce (Strikes, union disputes, labor shortages, layoffs, negotiations)",GE Aerospace,"Evendale, OH, US",5.0
HAL and GE Aerospace strike $1bn deal to supply engines for new Tejas Mk1A fighters,Aerospace Global News,2025-11-08 08:00:00,HAL and GE Aerospace strike $1bn deal to supply engines for new Tejas Mk1A fighters  Aerospace Global News,https://news.google.com/rss/articles/CBMifEFVX3lxTE9LS3d2MmNvbUxFQjBmc2RaNVhhc3IydGI2QWNnTFFQNW9rR1VlNHJ2ZldrTFppWFJ5X0dLQ3REYjFDM2N3WFhsVlpfeHNMdldXZTBuWVJZamRYY2tIQTlLRXNZWWlaT240S01QR2FCeTlDbTV0VHdINHBrRks?oc=5,United States (EN),LW,"Labor & Workforce (Strikes, union disputes, labor shortages, layoffs, negotiations)",GE Aerospace,"Evendale, OH, US",5.0
GE Aerospace strike may end after company and union reach 'tentative agreement',Cincinnati Enquirer,2025-09-13 07:00:00,GE Aerospace strike may end after company and union reach 'tentative agreement'  Cincinnati Enquirer,https://news.google.com/rss/articles/CBMiwwFBVV95cUxOWWdWaFhEMUtQUjZYcmlZQjJOclpjX0VWQjkxdzBqYnBDSTR3dExua2xMenF5WGFaZmwyRTUzMkYyNnFPZ0ZUWHZMUnVXS05wT1RfM2RYaVMtRE9sUjFfQURyYVNRLXE3WURERXZ6WXBaUkxTcS1VdEJ4X19vN2QzY1dJbmd4WVBHZzFvdkIzV2txY0kzYlc3aEh6eno0b1RnOWdxX043c05IMnV6YThnNllxWjRNTnU5WmdjaFR1cWhoczA?oc=5,United States (EN),LW,"Labor & Workforce (Strikes, union disputes, labor shortages, layoffs, negotiations)",GE Aerospace,"Evendale, OH, US",5.0
"Striking UAW workers, GE Aerospace back at negotiation table as strike hits second week",WLWT,2025-09-10 07:00:00,"Striking UAW workers, GE Aerospace back at negotiation table as strike hits second week  WLWT",https://news.google.com/rss/articles/CBMilgFBVV95cUxNOXNSVDlZNjlmWXFhRF9acG9DcldnY0Y1U1k1WHotX2lWZHplcWVzbVFHUVZCbEtjYVVQTmVTeWdJdnNWNWV3RGpEQUxrZmtmazBoZFpWbngxZ0JtVUxwcjNNYlJKSWxIeEoyY2FWbnBHOWp2RnhmNzhPVjNKc1poR3dKQTRRRmZYaFNoSUdiX3BtcUozZnc?oc=5,United States (EN),LW,"Labor & Workforce (Strikes, union disputes, labor shortages, layoffs, negotiations)",GE Aerospace,"Evendale, OH, US",5.0
Over 600 Workers at GE Aerospace (GE)’s Facilities Go on Strike,Yahoo Finance,2025-09-04 07:00:00,Over 600 Workers at GE Aerospace (GE)’s Facilities Go on Strike  Yahoo Finance,https://news.google.com/rss/articles/CBMigAFBVV95cUxQVTd4V0tSOGZ0NGNCbkh1QUFOZVJoSU9QaUg2ZXl6NEp3czBfVXJEUFlBT1Zyd05UN1UxMVgtN0U3TXlGd2tqbFp3Z1hkZ0Q2cHY3cFF2X2FsRjc2OTZHVklYVVI0NG1CcTJyWnJTeUh5aEdRX1VSYlB0LWg3NmZyLQ?oc=5,United States (EN),LW,"Labor & Workforce (Strikes, union disputes, labor shortages, layoffs, negotiations)",GE Aerospace,"Evendale, OH, US",5.0
UAW Local 952 to postpone start of bargaining until early November,fox23.com,2025-10-21 07:00:00,UAW Local 952 to postpone start of bargaining until early November  fox23.com,https://news.google.com/rss/articles/CBMi8wFBVV95cUxNMFBFU0xnOW5qMURvRG5SZFBicllNejFVNFVNOHN3cGllV1JZZkVJU3I1UW82UEpYZHZ5OEpLdHU0VUxETE9NTE9jdFpXZlhMMUdpZmZXTk1Fcmw0eUNqcUZwMnN3WFVZbnl1enVKSWFaWkJyOTh2ZXR1SllScjJ3cURPV0hMQ1lpWmlWVlpWNUlxN3pEYWg2SjFFZFNXWUdKb01Ld2J6SVJVSDhZbkZOTktZQmg0TDhVbkpURVh2Z3I1UEhiZ2VWamJZZ0VvYzZ1N0RpNXZuUEFPeFoyZzJ1N2JCNG1Sck9hdWh0TkVEc29CdlU?oc=5,United States (EN),MP,"Manufacturing & Production (Autoclave downtime, kiln shutdowns, factory floor capacity constraints)",Undetermined Supplier,"Toulouse, FR",2.5
GE Aerospace reaches five-year labor deal with 600 striking UAW workers,Reuters,2025-09-19 07:00:00,GE Aerospace reaches five-year labor deal with 600 striking UAW workers  Reuters,https://news.google.com/rss/articles/CBMiygFBVV95cUxQTW4wYm0xN2kyaGNFc2N3NFFoWG93SnhuYk5iai1BT2pzdHhRWFFUUGlHSWNBYk1hMU9kSHdLTElYS0IxYWtqck84QmloT183cFRXbmFkVW1Gd0RsNjlCaENpSklnaHB1a1dlZmhGdjhtcnBKZjRQWDVjUzAxRkpZV2FsaGRXNm1lRlhObDZfNExucFlxamxBR3FwUmNQYUQ4VTJVVzZaWFpTUHNmemlHNTVib3ZiQk05Y3NnTDhRX19fQlNkdld2VGxR?oc=5,United States (EN),LW,"Labor & Workforce (Strikes, union disputes, labor shortages, layoffs, negotiations)",GE Aerospace,"Evendale, OH, US",2.5
Union representing GE Aerospace employees on strike files unfair labor charges,The Business Journals,2025-09-05 07:00:00,Union representing GE Aerospace employees on strike files unfair labor charges  The Business Journals,https://news.google.com/rss/articles/CBMipgFBVV95cUxNQUdLTEUzbjhGOUNmTzdMN29zaEotZXQxQVlHa1R2S0RsM0UxeXd4SHF1TTVnSjFpVVZNNmVsamw5eDhVNmlHVHB5S1RvY1hRQkZkUmpDVnotMWJDY0o5N2ZsczBzeEFKTDRqSnV2NzFoYi0tVHRZYVdzN1VjUjlZY0hIaV9waFdlMHlpMkMtTXNSdi1sTW9ObmpRemVjQWlqRlBmSlFB?oc=5,United States (EN),LW,"Labor & Workforce (Strikes, union disputes, labor shortages, layoffs, negotiations)",GE Aerospace,"Evendale, OH, US",5.0
Strike at GE Aerospace: Workers protest against healthcare costs.,Haber Aero,2025-08-29 07:00:00,Strike at GE Aerospace: Workers protest against healthcare costs.  Haber Aero,https://news.google.com/rss/articles/CBMioAFBVV95cUxQX1RsUWFIWndRNmJQY2xyMzZUV1JJQjRLd0Ffank5U0VoaVl2M3ZMY18yV2xTQXBQckg0S2h5MTlIUm1FOWxnMmxrSUlpa3NYQm9fNUtwbHVIUGxUNHRLUEZodTlwemgtclhUcmtXd1drU0lDbEszbW5sQ0JpQ2loZHhURkRaOVM4U0NGaGtOTnFGZDh3MHdpV0VUejdtSjRW?oc=5,United States (EN),LW,"Labor & Workforce (Strikes, union disputes, labor shortages, layoffs, negotiations)",GE Aerospace,"Evendale, OH, US",5.0
"GE Aerospace releases statement, shares offer summary as UAW strike hits day 5",WLWT,2025-09-01 07:00:00,"GE Aerospace releases statement, shares offer summary as UAW strike hits day 5  WLWT",https://news.google.com/rss/articles/CBMimAFBVV95cUxQRGRWVXp1b202VnNzdHk1UUlUT2dMV2ROclJ5ZzREdFZ6SmM3SHNPS1dDM1VZLXY3MWo1SXN0VHFTYVNqRF9sclZMbXpVUFJMdEhxcDNCd1o3d1pxUGRiTDZHMDRqemotZ1JQMU9VbVplQzlQdjJDdGJ0WmtjNHcxcW12UWhaeHhpWmZzRzNLUEFKYmZWZ21SRw?oc=5,United States (EN),LW,"Labor & Workforce (Strikes, union disputes, labor shortages, layoffs, negotiations)",GE Aerospace,"Evendale, OH, US",5.0
GE Aerospace and UAW Strike a Deal,Advanced Manufacturing,2025-09-24 07:00:00,GE Aerospace and UAW Strike a Deal  Advanced Manufacturing,https://news.google.com/rss/articles/CBMi4AFBVV95cUxPVUxZS2t1UnpuUS1ENGdFcFpvY0c2WDYwano2ZjJkWUctM01Nem1IQk1vT3hiZ2M3YXh0NFFXTExXX3VyYlVBSHhka2sxOGVSeWRCei1DcTY0QW02Qld4UTdpZ2ZKUjAtUUZxelkzR3V2VDNkYUxKRlZ6THdndDRMU0ZJejB1VnJzc0VKQUhDTk41WHh1d2tQbDZWMExQR3FBM1NLOV9Kdnh0R2JKMExXZnRfV2pqMEctYm8tNWRqRmZVbFczZlp3dG5nWm1GLVZHT2RCdzgzYjI5Vzl5cHl1eA?oc=5,United States (EN),LW,"Labor & Workforce (Strikes, union disputes, labor shortages, layoffs, negotiations)",GE Aerospace,"Evendale, OH, US",5.0
"GE Aerospace, UAW reach agreement on new 5-year contracts, ending strike",WLWT,2025-09-19 07:00:00,"GE Aerospace, UAW reach agreement on new 5-year contracts, ending strike  WLWT",https://news.google.com/rss/articles/CBMihwFBVV95cUxNUThmaGE1Q2ZBV0Rxamd2aUpDLTFnLURsVGYwSWRxcExmTlZJZ0pLZm4xcW5ObkNMSHUwMEpHUFJFaUFVLVltakk1VHhlZV9mNFNoT0lxRU1MTUU2MU9pTGc5Tk94Tml1b3hSQXBRUEhJeTlXbEgyejhCWlFxWlJMSDlFeTV6MU0?oc=5,United States (EN),LW,"Labor & Workforce (Strikes, union disputes, labor shortages, layoffs, negotiations)",GE Aerospace,"Evendale, OH, US",5.0
GE Aerospace workers reach deal with bosses following 2 weeks of strikes,AeroTime,2025-09-14 07:00:00,GE Aerospace workers reach deal with bosses following 2 weeks of strikes  AeroTime,https://news.google.com/rss/articles/CBMickFVX3lxTE9fVmtVejRlT0d5UjFWUTZISUFjUmZwcTROdGZIZ0ZwSVcwUG9hc3dxb283SldFaUVEOHdQSlZFd0ZCY1RfT2VBVHVqVlBkY28yREQzRU9OdUZvSllveC1jMFRyT1dNdERlbGpkM3h6OWhFQdIBd0FVX3lxTE9fcXZXWktGdzh2WW9zTHZNdWFGTTBnWGh6dXpfdUVOQmRhOGtLQlhuM2lmVmZqLTJCVzV6YmhtUFhIM0VxR3pHWUxwSnZYdll3MHZmR2RLeWlnU3hIeE5GV1V1dHhCUHNmRldJa1V2ZEJPN3lpNlFZ?oc=5,United States (EN),LW,"Labor & Workforce (Strikes, union disputes, labor shortages, layoffs, negotiations)",GE Aerospace,"Evendale, OH, US",5.0
UAW president stops in Cincinnati as GE Aerospace union workers approve strike,WLWT,2025-08-26 07:00:00,UAW president stops in Cincinnati as GE Aerospace union workers approve strike  WLWT,https://news.google.com/rss/articles/CBMijwFBVV95cUxPck1BZ3F5RWFTTEtWYXBndUxscUxtdDlPN2RZRGJ3NF81QTh4TzlTMUp5T1JSSUlYZUZXWW1Ia1VrMy1TZlNGanJZTDNYWl8yNzNrYzh3ejhOcE5ZNHZUZ1Z1NFE3bWZEVFRVZnkxUHBfakVreWRyZUYyczVSNGhhaXVHM0lQQ0Rnb3poNGZFaw?oc=5,United States (EN),LW,"Labor & Workforce (Strikes, union disputes, labor shortages, layoffs, negotiations)",GE Aerospace,"Evendale, OH, US",5.0
Over 600 UAW workers at two GE Aerospace facilities go on strike,Reuters,2025-08-28 07:00:00,Over 600 UAW workers at two GE Aerospace facilities go on strike  Reuters,https://news.google.com/rss/articles/CBMiuAFBVV95cUxNYzlISnpBUWFPU21ZMnlGUkVQWDFHT2hGY1BzU2otU2NZaHdtMkdPZzg0M0J4Rl9zdFItNDBzQjZqSS1lbWR6R2hMOTltRkUwSWZFRHBrT3BOakpZS1JQWjJzYnZ6T1ZOR0xjMzFRQTNBNGZXUDZROXZjUXdJWXl5dlZRMEY0U0NEcU1Jd3ZfTlVybUgxU1lzbk8zamtCWWJaTUdwQUlnaUlLd0Q0X1hjTGw3WlBZNzZx?oc=5,United States (EN),LW,"Labor & Workforce (Strikes, union disputes, labor shortages, layoffs, negotiations)",GE Aerospace,"Evendale, OH, US",5.0
UAW wins tentative contract with GE Aerospace,People's World,2025-09-17 07:00:00,UAW wins tentative contract with GE Aerospace  People's World,https://news.google.com/rss/articles/CBMiiwFBVV95cUxPNndEVFlkLTJnUDlHNExlWmdld1VpU3RwRE1OUFVzcWwxdXRqV2ZwLXF0ZGdibGo1YlUxa1RiOHRSXzZWblE3eFNaZ2dJc0l0eGpxRmN4S1dKdVVnT3J5V3ZLaEMtUl9SazhTTzNaZU50SEtwZFFCQjBIanVYREZXelBYSHJvTks1NkZn?oc=5,United States (EN),CS,"Cyber & IT Security (Ransomware attacks, IT/system outages, data breaches at key suppliers)",GE Aerospace,"Evendale, OH, US",2.5
GE Aerospace's UAW workers rally ahead of potential strike approval,WVXU,2025-08-21 07:00:00,GE Aerospace's UAW workers rally ahead of potential strike approval  WVXU,https://news.google.com/rss/articles/CBMijgFBVV95cUxNTHV1VnozdFY5VnJrSmVxY2psSUF4Xy1Ud3FQcGt6VEpmQnMxSElwaXIybklmVkUwNV9HVmZ5TEI0YTQ2V1cyOHY5MHlNT011MEFiT1VKU19Pb0hsSnRlQ09pTWo1Nmt1NExKbW1zVS1HUlNsUUtVRXhENUNSSWFwTDNGeUpfZDVPSjVtSmt3?oc=5,United States (EN),LW,"Labor & Workforce (Strikes, union disputes, labor shortages, layoffs, negotiations)",GE Aerospace,"Evendale, OH, US",5.0
GE Aerospace strike: What to know,Cincinnati Enquirer,2025-08-28 07:00:00,GE Aerospace strike: What to know  Cincinnati Enquirer,https://news.google.com/rss/articles/CBMixwFBVV95cUxNX0dCaEtnTkZkenVxc05sVUd4Q3lKZF9MUkpkU2VyaUVROERmd0hxOXBWYllpeFR6M0RHUU84MGYzeW1QeVBHWGk0WEhZUExoVUJwZlloZ0MxSTFZWGJ1MnhnTWxWWk5ZbHJjQlJ1UGlkT2JCYWxXY0g5Q2RxbUY1Q0JpbUtkM1pqSEIta01fNGtHVFRqM2hjbzhFcms4NnFBb19faHlGT1hPbGI0dGt1YzRMUXBVVTk4RkhDRGo3UGlHRk40V1Rz?oc=5,United States (EN),LW,"Labor & Workforce (Strikes, union disputes, labor shortages, layoffs, negotiations)",GE Aerospace,"Evendale, OH, US",5.0
"UAW, GE Aerospace reach tentative deal after strike at Ohio and Kentucky plants",CBT News,2025-09-15 07:00:00,"UAW, GE Aerospace reach tentative deal after strike at Ohio and Kentucky plants  CBT News",https://news.google.com/rss/articles/CBMipgFBVV95cUxQbE85UlpnakVBR3AtZ3JtTFB5YmhRcG1SeFpmUkotX25TYURseFZZcWJQNDM5clEwZGFQZ2tpbml3ZU9kckxEa2xPdWhFcjJnU2g2YzlWcmYxVUZjeGVVbDczYWdvang4Q2hlNi1BTzQ2T2x5VUw4RkJKXzZBLThJaXRCZktlVVdDYmZ6LU5wQWpxVmlwZ1RRLXB3TEs4Y3RodFNBMHVR?oc=5,United States (EN),LW,"Labor & Workforce (Strikes, union disputes, labor shortages, layoffs, negotiations)",GE Aerospace,"Evendale, OH, US",5.0
GE Aerospace Stock Falls After Labor Deal. A Boeing Staff Dispute Is Ongoing.,Barron's,2025-09-22 07:00:00,GE Aerospace Stock Falls After Labor Deal. A Boeing Staff Dispute Is Ongoing.  Barron's,https://news.google.com/rss/articles/CBMiggFBVV95cUxQMW9ReHl4VmVQakM1bUloNDFmV0FxVTFrbFh2WVo2RW5MQ05hQ1FxREhQV29nLWRQNDNmbzlnWURCRXpvUDk3bWxkVFdFX2lHQUY5SHc5Z0pxRDd2ZUNxREhTN0RXNHhSRHdaa0xVMUdwbm1NOHZ3dU9sYXlYdF9CMWhR?oc=5,United States (EN),LW,"Labor & Workforce (Strikes, union disputes, labor shortages, layoffs, negotiations)",GE Aerospace,"Evendale, OH, US",2.5
Union president joins GE Aerospace workers on picket line amid ongoing strike,WLWT,2025-09-05 07:00:00,Union president joins GE Aerospace workers on picket line amid ongoing strike  WLWT,https://news.google.com/rss/articles/CBMimwFBVV95cUxNdG1QVGlCMk12cVRPSU44MEdFQWYxVU5GbGlBSWNDRVk3S19acUtuTUZ0a01YVzE5NjlpNW1YTXVsUjJERzNJTFVwVFVKVjV1bkpfdmZfU3dCQXZxMC1wRmJrMDc0ZzFTOFk5b0lsek80OGgzRnRvVXlHOWdIQlVtb1pOU1B3Q2VGTGNZWGhUVzlVMXE3T0VUTnRiOA?oc=5,United States (EN),LW,"Labor & Workforce (Strikes, union disputes, labor shortages, layoffs, negotiations)",GE Aerospace,"Evendale, OH, US",5.0
GE Aerospace workers to vote on new offer,Manufacturing Dive,2025-08-28 07:00:00,GE Aerospace workers to vote on new offer  Manufacturing Dive,https://news.google.com/rss/articles/CBMiugFBVV95cUxPUWEtSWhYSXhveFUwem9nVEp1aWt3anI3X091VUZHeHRCcWRwUzlLemVlTDVyMEpvNnhWREh6bVBKX29sbUJHV1A2Y0dUVnNNZnRibllnYlFocEUtazNZR2ppV0liaEZWZWVXbHZJNktrcGZnNVJUREFWemlLS016ZDBNYzVzeURjb2ZxX3p2OFM0R1BjTlE0TFQ5NkVFNEI3cms3QzdPUDhBM1E1NloyYTJXWFliY1JGVnc?oc=5,United States (EN),MP,"Manufacturing & Production (Autoclave downtime, kiln shutdowns, factory floor capacity constraints)",GE Aerospace,"Evendale, OH, US",2.5
'Insulting offer' | GE Aerospace workers authorize strike action over benefits,HR Grapevine,2025-08-26 07:00:00,'Insulting offer' | GE Aerospace workers authorize strike action over benefits  HR Grapevine,https://news.google.com/rss/articles/CBMitwFBVV95cUxQb3VDZUctbDZLZm1zTTRKWlZzc1lvSnZkNEVQU0JyTEdTNmtiUUhJX2pQeENXOUhmaHFzS2puT3FqNEEwZkhEbDMtZ3plcm9vUmhYS3dick01RHlvUUtBQ2pzQkQ1eGVRVXpueUFWek1fMk9sU2Y5bUg0V0c4N0hMbmJ3LWhnWk1MVC03MldkNTFBZ0V2bXNXRHFWZHI3MngwUVVQYjY4NnpHeTYxdm4zZUdid0FsaWM?oc=5,United States (EN),LW,"Labor & Workforce (Strikes, union disputes, labor shortages, layoffs, negotiations)",GE Aerospace,"Evendale, OH, US",5.0
GE Aerospace workers continue to hold the line one week after strike announcement,WLWT,2025-09-03 07:00:00,GE Aerospace workers continue to hold the line one week after strike announcement  WLWT,https://news.google.com/rss/articles/CBMiiwFBVV95cUxQLVUyRU5qTFVWZW1VTE5IeTl2VWE5UnFJLUYwVlMzZ0Q1dEJidnNKWFJEZHE0d2JPQXEzVEN3djc1bmFUNlhnT09PNzNTT091eTF0UlNma3JlYVItWTZ1THpaNlRPeWw3cjBLbjdwTmI4Z3ZIemlOdXRLWUFRQUVuOWhDZ3hjcWFRdVNn?oc=5,United States (EN),LW,"Labor & Workforce (Strikes, union disputes, labor shortages, layoffs, negotiations)",GE Aerospace,"Evendale, OH, US",5.0
Hundreds of UAW workers continue strike outside GE Aerospace over contract disputes following expiration,FOX19 | Cincinnati,2025-08-28 07:00:00,Hundreds of UAW workers continue strike outside GE Aerospace over contract disputes following expiration  FOX19 | Cincinnati,https://news.google.com/rss/articles/CBMiyAFBVV95cUxOb2dKUVg2d1FpRHp0dDI1NU8tWU0ycDdTZGVOd2Nna2J6dFpiZnY2SlpZck0xTE1oQlA4VjB3NENXTkp1VWJQaEotMjJtZ0M2alRicnJaZUU5bjNSTHBRZnhFeDlVVXhNOFo1OTJHUUpBdjRyckt4bHNldnJHeVA3M25TQ1d1NlM2LVY3VGlvWS1uUTRmWXpqcjRPOVZ2VUdHVWdCbkIwT0dpRWRxcFNWOGRDQ1lKdjV2dnhmdEZiaEctaWhJVVJJcNIB3AFBVV95cUxQNVE0RXh0MmUxUW5seURMLUFWTy02bEo2anpyX2t0c0hJRW1ZM3pIdUlWTDBiM0Y0U1Qzdk5PODZzUy1sNmRwS2tCQUZIUTAyd29May1BQzExQU1iVzZQRmFVTEVEUmJsUm54b2czYjk0b0ZVZ2N6RzZGVnJ1cDFvQTM3bWJUcTJ4bnNQdmpKWkF5b2JQc1FBNVliQV9vbDlJUFNybHVXRC04WjlvTk94VXd4RVNFR2FSdkRFNHdybnVSZFFFQXRHcWpxWmZyM3M0M3BUb3V4Wm00ZVBY?oc=5,United States (EN),LW,"Labor & Workforce (Strikes, union disputes, labor shortages, layoffs, negotiations)",GE Aerospace,"Evendale, OH, US",5.0
"UAW bureaucracy shuts down powerful GE Aerospace strike in Cincinnati, Ohio area",World Socialist Web Site,2025-09-21 07:00:00,"UAW bureaucracy shuts down powerful GE Aerospace strike in Cincinnati, Ohio area  World Socialist Web Site",https://news.google.com/rss/articles/CBMiaEFVX3lxTFAxVGtBMkZ2Q2VuT251dHFZR1g5UnY5Z3czYjU3LUxrQnk3VjNQa2RKVjg2ZHhucVNDT2VKZnQ0WE9FaW4zdlVHemtOYjN6V0NfWGtSZE9EUGduUWxYTVpiYnJxc0xSWDRI?oc=5,United States (EN),LW,"Labor & Workforce (Strikes, union disputes, labor shortages, layoffs, negotiations)",GE Aerospace,"Evendale, OH, US",5.0
'We got to stand together' | Picketers mark first day of UAW strike at GE Aerospace,WCPO 9 Cincinnati,2025-08-28 08:59:47,'We got to stand together' | Picketers mark first day of UAW strike at GE Aerospace  WCPO 9 Cincinnati,https://news.google.com/rss/articles/CBMipAFBVV95cUxOaVNiRjFaS2NIRGp0UzQxNm1WVlkySlh3blE1WmcxOXA1Ulpxc2ZTeEp0bGhRaHlFbkF0NXdCdEtzU2xqQVFRZDlYVFA3TWJMdzc0S3pTUHA4MGR4WnJkVndqMXIxY1QtNHc3YVJDdnkwcXdibTNhZFNicVZ0aGQyekJndjM5UlBJUGVncmI1MjJvdFpuVXRFQ3ZIeTlvMEZMSW5yag?oc=5,United States (EN),LW,"Labor & Workforce (Strikes, union disputes, labor shortages, layoffs, negotiations)",GE Aerospace,"Evendale, OH, US",5.0
UAW workers at GE Aerospace remain on strike,FOX19 | Cincinnati,2025-08-30 07:00:00,UAW workers at GE Aerospace remain on strike  FOX19 | Cincinnati,https://news.google.com/rss/articles/CBMihAFBVV95cUxQWFRoUk05WXBLcnRONEc2YkJmZVFuZEVRSk5nUjVLQk5EZzJtSjBRRUpkLUM5cGZTWmpaQXZvaGdWSDFOM3JUcDVPRWdpWS04d1dSaEVmQTFXcTc5eEM5RUFBWGRNMHdwUFdhN295N3RHNmpZZmxBeTc3TWdycTBOS2o4S0Q?oc=5,United States (EN),LW,"Labor & Workforce (Strikes, union disputes, labor shortages, layoffs, negotiations)",GE Aerospace,"Evendale, OH, US",5.0
"GE Aerospace, UAW reach tentative agreement for hundreds of striking Cincinnati workers",The Business Journals,2025-09-13 07:00:00,"GE Aerospace, UAW reach tentative agreement for hundreds of striking Cincinnati workers  The Business Journals",https://news.google.com/rss/articles/CBMipwFBVV95cUxOQXhoRUpDeFBJWE43b1I0OENqOEcxcVlVeVFaeko2UGdJZGc2NjFyRDB3M1NXazl1dGdkRlctQzZZMVpnM3FZTk12cnBoSzBkNml5eWh2ZmQ0VGJ0S1FCNEJXT1B1QTIweDlNWjlZWTJQc1FQYS1aVWJBSnFjcWZxV0o3NHB2dFpTMkNLaWxtUmxrZ0FmSWswREl0ZWxtXzlaM0xVNGRFYw?oc=5,United States (EN),MP,"Manufacturing & Production (Autoclave downtime, kiln shutdowns, factory floor capacity constraints)",GE Aerospace,"Evendale, OH, US",2.5
"UAW members at GE Aerospace plants in Evendale, Erlanger vote for potential strike",WLWT,2025-08-25 07:00:00,"UAW members at GE Aerospace plants in Evendale, Erlanger vote for potential strike  WLWT",https://news.google.com/rss/articles/CBMilgFBVV95cUxOVEI1Vm9QRlMtY2NxWDNaamszbVRLMVpLbUN6VGI4SW93T1FUSjloVVB6dXNkM3VBWjNqb2c4X01lMVY3TEYxd2hieEp1MG9ndG42RFJKSnB3SWpFbzdabEhMdV9yVnJNVFc4TkpGZ180R29sZWx4OEFvRnUtQ3Y0VVd2RUd3Qk04QmppNG5Ka2w0bWNzSnc?oc=5,United States (EN),LW,"Labor & Workforce (Strikes, union disputes, labor shortages, layoffs, negotiations)",GE Aerospace,"Evendale, OH, US",5.0
UAW employees to vote on tentative agreement with GE Aerospace Friday,WLWT,2025-09-18 07:00:00,UAW employees to vote on tentative agreement with GE Aerospace Friday  WLWT,https://news.google.com/rss/articles/CBMimAFBVV95cUxNa3A0OWRhNXlSbWI2TW1XeXdWNC0xVTlNaFhyakxkUU5JVmxqb1JOWGVMdVN5dWQwNGYtdVBGTW05YWRaa3FTU3pMdEY0ZW5tbC0yX3AwZHVqSjZzT0tLcHA3QnZ3QVpFdkFWVzM4czVXOUN3N0tDX0M4ZFVrSDhJWkpEX2M0cjdCbUJkcWdQS0l6WUg3X3RfTA?oc=5,United States (EN),CS,"Cyber & IT Security (Ransomware attacks, IT/system outages, data breaches at key suppliers)",GE Aerospace,"Evendale, OH, US",2.5
Wichita Spirit AeroSystems workers unconcerned about Boeing strikes,KAKE,2025-08-04 07:00:00,Wichita Spirit AeroSystems workers unconcerned about Boeing strikes  KAKE,https://news.google.com/rss/articles/CBMi2wFBVV95cUxPRG9TVjhLc1FyTXdlVkNkck4zWWdDWTl3UEJJZlVCSGFzYmRZcFJnR3lFRVRuZnJNcDlTem1mVXM0N1gybXdkUkRiOTZtU2FpY2VDbHcxQ0lXX3Z4bEVXTkw4eTRmWUZZY1VHUDltX0pKR21GaXR4aDQxaGl5aFdZaWR6UTVjX1lvd2Q1NDJSUHpkcW1MeHpZVS0xZVlUcWtRTkJYaW55MmVsRVpkbWdOVzIwdllkRzFYQjZjQWxOSTRPdUl6VGYzdmR4Q2pKSWQ1cXdCLWxyZU5uX2c?oc=5,United States (EN),LW,"Labor & Workforce (Strikes, union disputes, labor shortages, layoffs, negotiations)",Spirit AeroSystems,"Wichita, KS, US",5.0
On Strike: UAW workers at GE Aerospace walk off job,FOX19 | Cincinnati,2025-08-28 07:00:00,On Strike: UAW workers at GE Aerospace walk off job  FOX19 | Cincinnati,https://news.google.com/rss/articles/CBMiiAFBVV95cUxPQ05HUm9FWE9URFlPYjN2WVd6azZRX1dYMnRaYXU5YUZCemxBTDR5TWRBSkdaVjJHakRJUnRnRFlULS1Rd1JkRFF5RENlS05fLU10M21Ha0pmRW9odjF5TFFHc3ZCTEVrSGlYMzhxVlFBTE9CS2pVV3dYVEdRbFBZVFI1UllpUEdV0gGcAUFVX3lxTE5OU0ZrOG15SUV5b0l0T09UWDRqN1k0MVZlSGdoMHl1UkVoSWd2NHplYWhFWTZ3cjJuQi1saEEzNjBjc2xYalVVeGVBcTRfREpDTnFLOWJqWGRPLThhRmhieS0xMUZfa0FsQnZPNXQtVmJlZFFBWHVfeGx2SFdtamp1d2toZmlkTHVzTkxCd0w0LUNPS2hxaUpiY1BGeA?oc=5,United States (EN),LW,"Labor & Workforce (Strikes, union disputes, labor shortages, layoffs, negotiations)",GE Aerospace,"Evendale, OH, US",5.0
"UAW leadership: Union filing unfair labor practice charge against GE Aerospace, company denies allegation",WCPO 9 Cincinnati,2025-09-04 11:15:12,"UAW leadership: Union filing unfair labor practice charge against GE Aerospace, company denies allegation  WCPO 9 Cincinnati",https://news.google.com/rss/articles/CBMizAFBVV95cUxPa09mRkprUkhEV19sSWhqM1d1Y1JOaXBRYnBOMlpHUGdOTUtZYjFmZmZqR3Nuc3RJY09oaVZlYkRreXpUYVhKVTAtOElXQ3Q5U0hTSlBrZmwxWDl4RGR6MjVEb1lZVkJIU2lYU2ZheXhYZExZanNKVWhWdUFrcU13RTIweTI4WTg0d2RmenRKcFNTbHUtY2hybGhKbXYtdll3NkwzOUx3Mm1RQmpyOFZEZVE4el8wbE92czFXelN0R1hZR2RlQS0tNERtLTU?oc=5,United States (EN),LW,"Labor & Workforce (Strikes, union disputes, labor shortages, layoffs, negotiations)",GE Aerospace,"Evendale, OH, US",2.5
UAW workers at GE Aerospace in Evendale and Erlanger begin strike,WLWT,2025-08-28 07:00:00,UAW workers at GE Aerospace in Evendale and Erlanger begin strike  WLWT,https://news.google.com/rss/articles/CBMikwFBVV95cUxOTV9ZeERiUy1xY191QVc5Z25ETDZaUDZmd0JJSHRNVmJSMWszQV95THN1LTNHM2RhQWxldWJtTjQzMlFuWUlSeTlXY1YwSDZyaV8tRktFREZnR003T196ZnlDLW90N2U1OGVESWI0dzVSZDhWX3pSQWhrN3BacG43R01iOFQ4WEdiVkZkT2F1dVdHcEk?oc=5,United States (EN),LW,"Labor & Workforce (Strikes, union disputes, labor shortages, layoffs, negotiations)",GE Aerospace,"Evendale, OH, US",5.0
Hundreds of GE Aerospace workers walk off job over ‘insulting’ company offers,AeroTime,2025-08-28 07:00:00,Hundreds of GE Aerospace workers walk off job over ‘insulting’ company offers  AeroTime,https://news.google.com/rss/articles/CBMijAFBVV95cUxPZHNDaXpYQWk4YU9KcjhydWhNWURmYi1ncHVfTjNOTXNrWVFzT1Z1aEJoTEtRSGlfNk91bXZnS2JkRVh0MzV5VkJTZjdDMlMyX2ROWWRVRHJvbXVpN0syeU1zTFhpT01pVHp3ZTlPRmdGWm84em5SQ2t0Uk9RbWJiVjBRQmdyZkg1cTRsedIBkgFBVV95cUxNbGpMNEI1MHJUVlFvNjFNeFoweUM1ZFFTRG83OThnRzdBSTNvVzcxX0pTX0s2aGV1ZFhtdlV0aUdLeEdKUFdpYkM0N0JfNmVSbW5uN1pteC04VU56bWk4X2lHMEtjbU1ZMXFaTXY3UEp3d2VDazFPVk1MbXhsSmxKbHJpSFVldXM3RGZ4YjBHRmQzdw?oc=5,United States (EN),MP,"Manufacturing & Production (Autoclave downtime, kiln shutdowns, factory floor capacity constraints)",GE Aerospace,"Evendale, OH, US",2.5
"UAW workers strike approaching nearly 24 hours, plant operations continue",WLWT,2025-08-28 07:00:00,"UAW workers strike approaching nearly 24 hours, plant operations continue  WLWT",https://news.google.com/rss/articles/CBMikAFBVV95cUxONFFIcEJMVlpmdEZWWXM2Mm5CUXJVR2s0QmNCTVJ0cW45T3lpNXNfeF9OUHlFZHBzMURnbFNvVV9DVE1JaTNzRWJZd0Mtb3ZYc0ZsY01RVngtWjJPQmpNTjFCcWxMdHVRdktzZ1BpaGljczBnNGFyWlRCM01qNm95UnJFN2c4US1hRE9UUjJGX04?oc=5,United States (EN),LW,"Labor & Workforce (Strikes, union disputes, labor shortages, layoffs, negotiations)",Undetermined Supplier,"Toulouse, FR",5.0
GE Aerospace workers across Greater Cincinnati vote to strike,The Business Journals,2025-08-25 07:00:00,GE Aerospace workers across Greater Cincinnati vote to strike  The Business Journals,https://news.google.com/rss/articles/CBMiqwFBVV95cUxPVVZZTWRlZmsxeTJsRVhtcEZma3lrTzBfV3ZMa0ZqRUxRNG5IQ1VSTC13Nm81U05kZ2Naam9ZdlBiWVNydjhDcTZ5OVV3VTlBX2NrUFhyd1R0V1JhTGxLaWx4azRqNndKN2lPV2tqQ0QxLV9XNFcxbWtLM1NBNlhYZG5DN2dqTmpnMFpoUXg4aEZIbWROYXlMeTZUVno4Y241eUIwXzRqSm9fNUU?oc=5,United States (EN),LW,"Labor & Workforce (Strikes, union disputes, labor shortages, layoffs, negotiations)",GE Aerospace,"Evendale, OH, US",5.0
"UAW and GE Aerospace reach tentative agreement, union spokesperson says",WCPO 9 Cincinnati,2025-09-13 00:13:58,"UAW and GE Aerospace reach tentative agreement, union spokesperson says  WCPO 9 Cincinnati",https://news.google.com/rss/articles/CBMizAFBVV95cUxNRVg4TGdSak9GVS15TGF0SVNhYkFGVVl1OEhyY2Y2Skl0NlBXSEU2ZGRDbnBaYmVSbGpRdm5ma196UFV2Qm5ZTFlpRDViRWZWRTFoelFmQjhuOFY1Mzh5R2trbmNfSWZpQVZsNjN0M2Ffci1JVHYzdkRKVEttV2FvaTFhWjMzMHM2Wk9yY3JPZURxbmpRWktmNThha0FLV0RIc3J2cHkwVGl1a3lsVzI5aWFRb2Fsd0VpTlh1ek5uenBNSjNoMFFGUGtmbV8?oc=5,United States (EN),LW,"Labor & Workforce (Strikes, union disputes, labor shortages, layoffs, negotiations)",GE Aerospace,"Evendale, OH, US",2.5
Battle lines harden in US defense industry strikes at Boeing and GE Aerospace,World Socialist Web Site,2025-09-02 07:00:00,Battle lines harden in US defense industry strikes at Boeing and GE Aerospace  World Socialist Web Site,https://news.google.com/rss/articles/CBMiaEFVX3lxTFBsUHA3UmV4SDg2MVRQMlA1OW53cWNoU19vSHZnRWRwa2lYOF9YRzd3Y2pjQnU3ZWpXcG82aEJiMkV5NHpjZVFmUW1CRFF4bDVReENWVnBGTGw3MDJ0bEZhLWFHUFNIeWZJ?oc=5,United States (EN),LW,"Labor & Workforce (Strikes, union disputes, labor shortages, layoffs, negotiations)",GE Aerospace,"Evendale, OH, US",5.0
GE Aerospace workers walk out as defense industry strikes spread,World Socialist Web Site,2025-08-28 07:00:00,GE Aerospace workers walk out as defense industry strikes spread  World Socialist Web Site,https://news.google.com/rss/articles/CBMiaEFVX3lxTE5fbE9xS2xKWTRoeXlvaW1LWE94QmdLeGxqU2tnUjAzbEtyd3dReE5Uei05WlhkMkwxQW50Z1lwcUk2bHNDY0N2MUNFakIzd3gtdnk5aTNTS1o4Wk4zR1JOWXVIdmZONHRh?oc=5,United States (EN),LW,"Labor & Workforce (Strikes, union disputes, labor shortages, layoffs, negotiations)",GE Aerospace,"Evendale, OH, US",5.0
Lightning strike causes fire at Spirit AeroSystems fabrication building,The Business Journals,2025-09-23 07:00:00,Lightning strike causes fire at Spirit AeroSystems fabrication building  The Business Journals,https://news.google.com/rss/articles/CBMiqgFBVV95cUxPTHN2TEZXYmc1anlqZFBXbFZKQXJKWW1RRXdnTG5WOHBZUUJiSDlNUmttWTdDckRqRHZycmpBLXh0S0JNUnZTOTQtQ256Ql9ITTRENHQ2d1ItS0lJWGFLTkdUMUd1Ymt1a3h4S09mRFFmZ0tMMUxVSHFXREVrSEtmWFFhYWd6RW5hSGQ0VzFrcDJzcDNpYXlBSURrLXhfNlk3cHlTeGh4TWJxZw?oc=5,United States (EN),LW,"Labor & Workforce (Strikes, union disputes, labor shortages, layoffs, negotiations)",Spirit AeroSystems,"Wichita, KS, US",5.0
UAW president Shawn Fain rallies with GE Aerospace workers as strike looms,Cincinnati Enquirer,2025-08-26 07:00:00,UAW president Shawn Fain rallies with GE Aerospace workers as strike looms  Cincinnati Enquirer,https://news.google.com/rss/articles/CBMiwAFBVV95cUxPUlFIMmJReEhRNXg1YjV3eDBTTHRrMzNpV1BZeWkwdFNWdTlOUVJYXzFxSnJlWHlpamJtY3loWFBpaHBHZjdaazRQSDJndVpGSmpxVHBIQS1nWllQbV9RWmpLTVNJVnR5WDc3VTlkM0JwZU5yQnZnWTRHSno2RkNzTTNCNHBwcE41TlZzZ05FMF9rNGV3YzNfcTdWNW9Zc0JoRHR2NUhIZWV3OVgtTXRfRFZseXdmTlJ2MHVHc1MwVEE?oc=5,United States (EN),LW,"Labor & Workforce (Strikes, union disputes, labor shortages, layoffs, negotiations)",GE Aerospace,"Evendale, OH, US",5.0
GE Aerospace workers go on strike over failed contract negotiations,Cincinnati Enquirer,2025-08-28 07:00:00,GE Aerospace workers go on strike over failed contract negotiations  Cincinnati Enquirer,https://news.google.com/rss/articles/CBMiuAFBVV95cUxPTTEtZFhqMDFqN0g4OVVUWC1QTWYzQjlZYVU0b3R0NURFX05FZVZRQ1RoNDUyUy1sYmx4OGY4U3RXdEE1NS1fMVlOZXFZTHlxOVltaWNtRnl4Y0pYTzZ2MFZKSy1jVkFtTGVlUHRxd1lmckJhektKbTlzNTlzUDhwUW1KT1FQejlDNkFVeTNhZHNmak1taFJCZkxLNlJHVUhhUHNLMEdjZGc1Sk1NaDUzUWRXSVBTXzBY?oc=5,United States (EN),LW,"Labor & Workforce (Strikes, union disputes, labor shortages, layoffs, negotiations)",GE Aerospace,"Evendale, OH, US",5.0
"GE Aerospace worker strike is 'a wake-up call,' says UAW president Shawn Fain",Cincinnati Enquirer,2025-08-28 07:00:00,"GE Aerospace worker strike is 'a wake-up call,' says UAW president Shawn Fain  Cincinnati Enquirer",https://news.google.com/rss/articles/CBMiwwFBVV95cUxPRVJXOXJBQWhEMmJjclp0dE1MNU8wc0lNYmNEWElLbjJBVW1FTDlRcWZsWXBvM00zRUZGd3pDeUZORWtuTFRmNUJKLVJfaGE0RWowb1R5MjBpR2pld1RORWdyTDROaFNIOUVDZHZrZk5MUFh4amR0eS1yeUdHWGpnRXhSU2lmbG9fbGpOdHhNOEpMV1A2eGMzLUt5a2F3SXc2OE8wRTFjS0d2Y0ZMTEpNaFJGNEYyUV9nRUpESTB0TTllekE?oc=5,United States (EN),LW,"Labor & Workforce (Strikes, union disputes, labor shortages, layoffs, negotiations)",GE Aerospace,"Evendale, OH, US",5.0
UAW reaches tentative agreement with GE Aerospace after strike,Detroit Free Press,2025-09-15 07:00:00,UAW reaches tentative agreement with GE Aerospace after strike  Detroit Free Press,https://news.google.com/rss/articles/CBMiwwFBVV95cUxQY1o1djcwb2JIaHVOczhCZDQ2dTIwWGwtWjVpaFBtMGFTNEh6OFh5YzRwYk9teDNPek1td1N1RHFPZmhJVVY3SE1lT0hReXJrbnZ1b01wMjhSNm8zOWxiLWt3MVF2aHZ5TlRaa09mR29MNS1uSjRaV2VMa2NuVnpOUnpBN1ZFWDdLOU5YamdTSjhEYnUzTWRwaFp6Qko3b0cwd2pBTUhFdk05NWVyc29SU2MyUjROcmt1SW9ORE0tVTRtM2c?oc=5,United States (EN),LW,"Labor & Workforce (Strikes, union disputes, labor shortages, layoffs, negotiations)",GE Aerospace,"Evendale, OH, US",5.0
'I hope the company is reasonable' | UAW workers rally against GE Aerospace as strike looms,WCPO 9 Cincinnati,2025-08-27 07:00:00,'I hope the company is reasonable' | UAW workers rally against GE Aerospace as strike looms  WCPO 9 Cincinnati,https://news.google.com/rss/articles/CBMiwgFBVV95cUxNWm14dWU5eWd2ZjBTSWZjOGxfR3RSeWk0ZE1nVGJBcnA2UHZFWUQ0aGlZWmwySVhhMnBfOWpYWDlYYnhMV0NrN2RFUVdzSklVOEhYZ2pKNXdLM0pHT2pmRXBqRURZc2VPUG1ySjZCX0R0aWNaUjVLcGpQd2ZsUW16b09Sc2ozN0RaR0IyVy1NNUFLWDJlMHZ5dHYyTzJfaFAwNm16c1ZkYVFPOVJCOWl1Nzdjd1ZvUHBhQjJOaHRkY0FkUQ?oc=5,United States (EN),LW,"Labor & Workforce (Strikes, union disputes, labor shortages, layoffs, negotiations)",GE Aerospace,"Evendale, OH, US",5.0
GE Aerospace workers in Ohio and Kentucky face midnight strike deadline,World Socialist Web Site,2025-08-26 07:00:00,GE Aerospace workers in Ohio and Kentucky face midnight strike deadline  World Socialist Web Site,https://news.google.com/rss/articles/CBMiaEFVX3lxTE9IMWZJY2tMVlBVUFNnN0tqenlVR2tzTHVDZzgtTzFfS1M2eVJza29iSzRpaHZ5MFFIdHpwb1VqOUkwM2ZQQW1fZGc3dkdVZkRjSDhEaWlDb0VfV2JKMXA3M1psUk5rbE5U?oc=5,United States (EN),LW,"Labor & Workforce (Strikes, union disputes, labor shortages, layoffs, negotiations)",GE Aerospace,"Evendale, OH, US",5.0
UAW on strike: More than 640 GE Aerospace workers in Cincinnati take to picket line,Detroit Free Press,2025-08-28 07:00:00,UAW on strike: More than 640 GE Aerospace workers in Cincinnati take to picket line  Detroit Free Press,https://news.google.com/rss/articles/CBMiowFBVV95cUxQOGtWS0dJakRtTFlnVmFFZW85cS1QWTY3Snh0dzNBTnpfdURGRUpQSWhMczhrOFktUGVBdEs2UE55Q1g5Um5iLVFubDlSV2Y5WDlfNDA4NFZsS0ZaSVB0UldhTWMtc1NKbmF2Z0NRdkZDZm1PQVo5eHBkUzNYV0ZkT3UxdXdZejdZclJLVXgxTE9oM1lFQ1JhQjh0WVZRS25Wb2tV?oc=5,United States (EN),LW,"Labor & Workforce (Strikes, union disputes, labor shortages, layoffs, negotiations)",GE Aerospace,"Evendale, OH, US",5.0
"GE Aerospace workers strike over healthcare costs, profit sharing",WKRC,2025-08-28 07:00:00,"GE Aerospace workers strike over healthcare costs, profit sharing  WKRC",https://news.google.com/rss/articles/CBMi6AJBVV95cUxOWkIwYkJNRklUVFRzNTFqcHZBV1FKZzdNQnRhdmZWYUxBQ3c1bzQ5Nm1zWDJQVFRHVnJmTGprV0l6YW9oTkNuYjA4NzFXRE11M3lRX3RtcGI0WHZjbnZsdEoxOHBhSzVTQXVhWGFiV0hpSlg3VFJJY2pBOUJaWFJhaFNDNWRxMUREeDVlbEtvZFJDeGNMVDI1dmUxVjRUZnI3ZkFXYkZFOUZtY01BanhQUHpzUGpNMDBoUU5pa1l4MHo0M3p4T0M5M1k5RzIya3ZwYXlJak1WeERNbDk4d2pJVVlTclBEVGZRbENxNkEzWVF2MmpUUjhHUmtWZ2ZfbWlYV2JTSTlvYnk1LU5yRnpZcmVMdUgtbl92WjZFZTNUSG1reEpySXNvaV9VU3UzRWg3N3ZYOEhlamRjRzBXTDlpNnBEWkdmQmtBN1VkV0czTzZoUENOaFM1RzRXSks5T3JjellUODJqelQ?oc=5,United States (EN),LW,"Labor & Workforce (Strikes, union disputes, labor shortages, layoffs, negotiations)",GE Aerospace,"Evendale, OH, US",5.0
'We'll be out here': GE Aerospace worker of 25 years talks Evendale strike,Cincinnati Enquirer,2025-08-28 07:00:00,'We'll be out here': GE Aerospace worker of 25 years talks Evendale strike  Cincinnati Enquirer,https://news.google.com/rss/articles/CBMirwFBVV95cUxPN01KU1JlVk9SUHBPQVpSWFZTOU1RZ1dCZ0MyTjVydnFyMXZVQlBScmY1VGx3cU5YWWRNbTRKUXlIUzNhYWY4eEtkMlc4aFN0OFB2TTk0Z1VoTlNLdmxMbUhnRThKWG11TkpfeEF5Y3NYR0Z4bzU4YzlxSThka0NLZzl4LUh0MTFfWEN2WlBRQ3V2cERWT3ZOVTZuZ0NvREVHZkpfM2JZb2Q5c1ZkLXRR?oc=5,United States (EN),LW,"Labor & Workforce (Strikes, union disputes, labor shortages, layoffs, negotiations)",GE Aerospace,"Evendale, OH, US",5.0
'Overwhelmingly ready': GE Aerospace union workers authorize strike as early as this week,Cincinnati Enquirer,2025-08-25 07:00:00,'Overwhelmingly ready': GE Aerospace union workers authorize strike as early as this week  Cincinnati Enquirer,https://news.google.com/rss/articles/CBMitAFBVV95cUxQVEJhOVNqSWRKX3VIUVY1Z2M4S0RjRDZ4RHhKdlE3dUhOeEJZMkNKR3lraHBUS3NnWW1NWF9mMng0OTl0TGFyXzd5Mmp0dkVjOTNoYWJYTjZUaGRkV1JjNFJOYTlPUlZEU3N1X3dGZXZGaGlSM1Q0bm50T2ttWExib09iYm9aVUFpcF9PczF2T2FtOG0wRFRoUF9UNldJdnlrWHpfQ1RpNkp5SktLeEVyT1NNOU4?oc=5,United States (EN),LW,"Labor & Workforce (Strikes, union disputes, labor shortages, layoffs, negotiations)",GE Aerospace,"Evendale, OH, US",5.0
"Fire ignites after lightning strikes Spirit building, company says",Wichita Eagle,2025-09-23 07:00:00,"Fire ignites after lightning strikes Spirit building, company says  Wichita Eagle",https://news.google.com/rss/articles/CBMiZkFVX3lxTE41c0oydl82S0RJc2VxUnI2X1M0TW5UZWVveU1yMVhKS2RYUndxNzlWMVBRdG1CSG5sY0FhSjlUSHpQdExBQ3BDd3R4dDNlalVINHA3WXJWb2trZldoOHZzMjJyUnFDd9IBZkFVX3lxTE5jWF9OLVZnQm9WdHRZOXNTejFhdnFkN2VlMVVVVldwTDlqZWN1am02QlhGZzctVTRzNDFqSjF4a3ZJRUFHSEJUX1BUSHBQODRUV3Y5VXpMT1BnWDBUa3B2MXQyd3JXUQ?oc=5,United States (EN),LW,"Labor & Workforce (Strikes, union disputes, labor shortages, layoffs, negotiations)",Undetermined Supplier,"Toulouse, FR",5.0
GE Aerospace strikers: “There’s got to be a line in the sand—that’s what we’re doing”,World Socialist Web Site,2025-09-04 07:00:00,GE Aerospace strikers: “There’s got to be a line in the sand—that’s what we’re doing”  World Socialist Web Site,https://news.google.com/rss/articles/CBMiaEFVX3lxTE9pRDdtcU9wRjJKQl9MSGlObEl0cnVBTGdZWC1Md1dqb0ZoQUJmWUE0UnFWbkgtbXkzT25iemxKbFJRVHhwZWpXWVhCTzFPY3NHUlM1V25jZE1BNXROdFlpSXdVOVNiUUN3?oc=5,United States (EN),LW,"Labor & Workforce (Strikes, union disputes, labor shortages, layoffs, negotiations)",GE Aerospace,"Evendale, OH, US",5.0
"GE Aerospace workers strike on Labor Day, echoing past labor disputes",WKRC,2025-09-01 07:00:00,"GE Aerospace workers strike on Labor Day, echoing past labor disputes  WKRC",https://news.google.com/rss/articles/CBMiogJBVV95cUxNZ0RUb2k0NjROV2F4WVF5djNVRDRkTnVPaFBkYVppVGp6S0ppdUpDcFNZOFhXOW85RmRGa2FhTlNvSFk1NEE0RmpDQ2N6WGhyNW5pV1ZkRXdNNjNRbm11RUNyZFpMYUNtZ2pZREd1MHJ4bDdfZjFfNU44UGhjNVB5bXlLNmJxWkVGYWNEZWY3cEcxZFdUdklKS291WkRBQ1NTUGxNVkR4bllrNHVKUXo0TVI2S0loN3htMWFtNDQyN2N6ZUdONXJyMFlTZVFyUGZMUEVQd0dXS0FTeXVwVVJmMzU3UXBJOVRScXV2VHZ3NEFNWTMzZ3k5TU5OUnJnNUhpX05ZRDhBdW5aUjhNSWl2Y2J6ell5WllLM05JYkk4bFV2dw?oc=5,United States (EN),LW,"Labor & Workforce (Strikes, union disputes, labor shortages, layoffs, negotiations)",GE Aerospace,"Evendale, OH, US",5.0
Wichita Spirit AeroSystems Workers Remain Unconcerned Despite Boeing Defense Strike In St. Louis,Simple Flying,2025-08-05 07:00:00,Wichita Spirit AeroSystems Workers Remain Unconcerned Despite Boeing Defense Strike In St. Louis  Simple Flying,https://news.google.com/rss/articles/CBMipgFBVV95cUxPMDBHMjctMF9UMF9QSmpGSDNUOFljMWp4a1huSG52azVGZzVPaVp4ckRYRm9LYnlzOFY3dGExU0RnUkk3X3BySXpPN0UzdTZkUlZwOEZ4VzMyWXJnZlBDQ0c1bzFhOXgwZVc1TVhFcndZYUdhTU5zbUlVZTNjTkh1cWhQbHNicXF5QWxZRXFWMTYxZXZZc1duNktyUEl4bHVzX0ktV2FR?oc=5,United States (EN),LW,"Labor & Workforce (Strikes, union disputes, labor shortages, layoffs, negotiations)",Spirit AeroSystems,"Wichita, KS, US",5.0
GE Aerospace workers in Cincinnati go on strike after UAW rejects latest offer,The Business Journals,2025-08-28 07:00:00,GE Aerospace workers in Cincinnati go on strike after UAW rejects latest offer  The Business Journals,https://news.google.com/rss/articles/CBMiqAFBVV95cUxQQ2s4UmV4NVBzQmptUE56OE5OR25KU3ZibjZfRldqcXlvQ3k1UU9Rb2R1UGdOemdlSGE2UGtxWExjS2tCU0tjY3NUZTJFcXRhcE1DejBYa0k3aXZUTmdlRFdETFF6R2kwNl9RMjNtOWVDakJQbVJva2dSenZYY056dzM2dXRfMEFYN3N2OEZ5Mk9PclNMMGJ6eWF1QTUyZGRVcTktek11bzM?oc=5,United States (EN),LW,"Labor & Workforce (Strikes, union disputes, labor shortages, layoffs, negotiations)",GE Aerospace,"Evendale, OH, US",5.0
'Big pillar in our community': Workers at GE Aerospace officially go on strike,WKRC,2025-08-27 07:00:00,'Big pillar in our community': Workers at GE Aerospace officially go on strike  WKRC,https://news.google.com/rss/articles/CBMi9gJBVV95cUxQWUdMclo5RkE3R1BEc2JSUG9uNDE5eGNwNmg5QWxTVUZ6Y1Z2bXhmRjg2bEptWGk5ZmEyLUFuQnh2MmtKYmlJbF9qTTJKWGFrUnJwUVFQeUZJd1B6ZHF2S2Nqb1U4enc1bGtlUHIyOXlCdFN5VmZ3ZnIwNTNEbjd2V3VZeUN6eW4xMC04R2JrblZqUUNXdmdCMmM3M2xrS2NkMFpiTzY1c1JCS3NxbWo0SnhNR0hLQkQ4ZWcyOENxMmFWOFdNTmNBQ2ZSajh5R0ItSzFwcTZiRm1HTnZpMGJ1SFdtZVR2YUhqck5PVzBrTDJUWkNpbEtBX2REN2pvVF91Qmctc0ozN28tVWNVLW9tSmt0NnJaVGhIV3V6ZGZ6SVN0b0haSkR4akNsbGZCUTg3Q1QtRGFEdVRSc1pTY1FUN2k1UWRYcjFvM0Z2LV9Pb2toM3ZjQzlaeXBWZGtuZk1qaHZlbGNtZlFhMzNPdDZQWXl6Um9uZw?oc=5,United States (EN),LW,"Labor & Workforce (Strikes, union disputes, labor shortages, layoffs, negotiations)",GE Aerospace,"Evendale, OH, US",5.0
GE Aerospace & HAL Strike Breakthrough To Co-Produce F414 Jet Engine: Boost For Make In India,Indian Aerospace and Defence Bulletin,2026-04-14 07:00:00,GE Aerospace & HAL Strike Breakthrough To Co-Produce F414 Jet Engine: Boost For Make In India  Indian Aerospace and Defence Bulletin,https://news.google.com/rss/articles/CBMivwFBVV95cUxPYWtjeE9LV3llTkE3eURwRlhmeF9yTGltNWpjU242TWdXbU5ET0VJNmdGWmdNbi1VRE1JamRiNlhGRU9yX1dfYTExcU03eEdmbnRKQ0ZXSkR2dGQxRDYtWHRMdnBVSVhheGJRcVM4WTRpaS02aS1iR3lXbm5ZQXlkbzlKTVhLVlgxRkljVTRCMkZFLXVJVDEta242WXdLbEI4YlRmUm0xaTdkYnNWNm9ldERqMGQtZkxEaldhSEluRQ?oc=5,United States (EN),LW,"Labor & Workforce (Strikes, union disputes, labor shortages, layoffs, negotiations)",GE Aerospace,"Evendale, OH, US",5.0
The Future of Disruption and Recovery Products,GE Aerospace,2024-03-13 00:05:05,The Future of Disruption and Recovery Products  GE Aerospace,https://news.google.com/rss/articles/CBMikgFBVV95cUxNbGFWOEZGYXpHQ0pJMVotY19RRGtUYWpOekc5ODBpTUVDZjRGS3MyYVNXNG4zU19lUVY4anUxODVMRVJwckQwVExiVkd6TUd5OEprbldFVWZMTmkwLWp0TGZ6aVk2c0xlRGZZWjlDRmlzQ0Q3aFNCV0hnZDF1MXJVTVhEVFdqQUJIbU1SbjV5RDcyQQ?oc=5,United States (EN),MP,"Manufacturing & Production (Autoclave downtime, kiln shutdowns, factory floor capacity constraints)",GE Aerospace,"Evendale, OH, US",5.0
Contracts expiring for GE Aerospace and GE Vernova workers in the US,World Socialist Web Site,2025-06-20 07:00:00,Contracts expiring for GE Aerospace and GE Vernova workers in the US  World Socialist Web Site,https://news.google.com/rss/articles/CBMiaEFVX3lxTE1qS3A0clktV1Rwc1pTcTJkYjlhTnBhdGRsdlZ0M3dzeG1FRWJob2F1NEJMZFdhbmg2a1hRb2k2QUV0RFpWb2VPcS0wckRDa3Mwb2VRZmk2Mk50YWtzbmd1Wk9icTA0NFh3?oc=5,United States (EN),CS,"Cyber & IT Security (Ransomware attacks, IT/system outages, data breaches at key suppliers)",GE Aerospace,"Evendale, OH, US",2.5
"Spirit AeroSystems union workforce approves new contract, ending strike at Kansas plant",Reuters,2023-06-29 07:00:00,"Spirit AeroSystems union workforce approves new contract, ending strike at Kansas plant  Reuters",https://news.google.com/rss/articles/CBMi1wFBVV95cUxOM21NdnBKaUIzRHRNUmRCdlphQVdFdGYxQTZtNGdzLTRDUWRPUzBBNlBSbF9mcVBvdTlRRmZodWJBYjBjazB6Rk43QW5sLV9ZaW1ZSUc2dkVRUFdHME11Rkc2TVM1ZFgtVG5RVXpqN1pmMW5tLTEwR21qcG1lcVpfQVNSNlhrRDVmRlRudmpnT2k4OE9NT3RPck5lNTRjejVsalBsUjZfY2hTdVBrcEJ1OVp2THgzOWJGdm40b1RsbFJLdVNQSUhaLS03RXd4RFE0MHBRY3B1Zw?oc=5,United States (EN),LW,"Labor & Workforce (Strikes, union disputes, labor shortages, layoffs, negotiations)",Spirit AeroSystems,"Wichita, KS, US",5.0
Spirit AeroSystems restores Wichita operations as union workers end strike,Skies Mag,2023-07-04 07:00:00,Spirit AeroSystems restores Wichita operations as union workers end strike  Skies Mag,https://news.google.com/rss/articles/CBMinwFBVV95cUxPclhWVk9PNzFVUkJBbUZYbllwUU5tcksyNVV6VWpSZlEyWDZfcDJBUDBKRjV2V3F2QlV5Y3hxMGZuQTFvVDZ4SjZ5RDcybnNNMFlOTnFxUUhEVzM0SUFwbXVqc2JiVFpIZzJtcWl3TGRPVVVpcG5JYUotZjJuOEt0Q0VUblNRS0dTbkxRSFp4Q1pEeEpVdVQtMEFuZmNXT2fSAaQBQVVfeXFMT2hBdG44ZllxM2x6VVozZUJydk9KTENqME9VMzQ2dDlLUmE0TncyblduYmM4UzVHMWp0T1Y4bVdZR0FkZGxKWG9YZEV4cjA2dUZPNDBLLUIxUzl2TVNMb1JGcWZDczJiam40RTgwSVk4aUVBb0dBS0tMeWYtTHhQZ0RJNWUwRHVNdk5UNFVmNlA4REtTcnp0YWFEMlMwWmVyWW5XQzg?oc=5,United States (EN),LW,"Labor & Workforce (Strikes, union disputes, labor shortages, layoffs, negotiations)",Spirit AeroSystems,"Wichita, KS, US",5.0
Workers at Spirit AeroSystems begin strike as contract talks resume,KCUR,2023-06-24 07:00:00,Workers at Spirit AeroSystems begin strike as contract talks resume  KCUR,https://news.google.com/rss/articles/CBMioAFBVV95cUxQenhlMTNVYjNORmtQamt5ODdxa1FrSU5TcklzQkl3bmNyN0lrUk45cW9IVWl5TmF2U19ubUtkWlExeUFCOUl1a2JuYzZUWDlOLUYxMUZDSHM4Z3JEbTNiRWJlWThsRm5KMm1qY0hLaTd3UG0yaW9XMmhqRjZvMjJuOFZxbkY3U2xpUUJScmVWZURkOTZzTUxJT2VyR00yNmdS?oc=5,United States (EN),LW,"Labor & Workforce (Strikes, union disputes, labor shortages, layoffs, negotiations)",Spirit AeroSystems,"Wichita, KS, US",5.0
Spirit AeroSystems weighs hundreds more furloughs or layoffs if Boeing strike goes beyond Nov. 25,CNBC,2024-10-24 07:00:00,Spirit AeroSystems weighs hundreds more furloughs or layoffs if Boeing strike goes beyond Nov. 25  CNBC,https://news.google.com/rss/articles/CBMijgFBVV95cUxONUQyVWlHTXpseW9Ock5jeTcwYUN6Y1lSbGd4MWJDZmQ2dFdDYXNwS0p4QkNTTU5WSjFEZ1lwaVFJUnhPTk9jaUdyQnB6STI3cC02emdDR2pVSHhoYkpmWG9FcEtib3M1cDFvR3RZak9yR3BtbnpMTUMwdUVvc2xsZ0tuOHRRVUNNUk16bUNn0gGTAUFVX3lxTE5zVUF6aVhxTFRqbjFHbk13ZFJNaXVCVnhIZHRXejZ5SVpQa05fLWtobEFGSmJLWU1rSUFjQ2tFajF0Mm1DRkdKVDBmbjVLaDhpRWpDSThNazJaaVdtU2l4dWNLNE5qVzNUNnFjLTVMQjdQNTJDNHl4d1l1a01RNGlPRzZVX1R1bnlNWG40SlJoTER4NA?oc=5,United States (EN),LW,"Labor & Workforce (Strikes, union disputes, labor shortages, layoffs, negotiations)",Spirit AeroSystems,"Wichita, KS, US",5.0
Spirit AeroSystems’ safety stock minimizes delivery disruption after strike,Supply Chain Dive,2023-08-22 07:00:00,Spirit AeroSystems’ safety stock minimizes delivery disruption after strike  Supply Chain Dive,https://news.google.com/rss/articles/CBMiuwFBVV95cUxOMXJUNTZIRUlldFdnZm5zQXREdFhFemtQcFptZUhCTm1FOFJnX2xsa0NTREtBMDc3c0ROX2dwcEJNeDUzUTZZUVp3dHdxXzB2clp2SWRCdW1MNTJCd1diT0FKT3dIU2lNUDdYQ00tM0lGWEhIQVlSVU1Mak5DQ0hxRUlWWS1reEVqZkhYMl9ELVJQSGNBRHFMcVZQaTVoRDBzdnlzWGVtbHFmTEkxMzZQZGFYeWJHSEI3Nm5B?oc=5,United States (EN),QS,"Quality & Safety (Supplier defects, quality escapes, airworthiness directives, recalls, inspections)",Spirit AeroSystems,"Wichita, KS, US",5.0
"‘They accept our demands’: Machinists approve Spirit AeroSystems contract, end strike",Wichita Eagle,2023-06-29 07:00:00,"‘They accept our demands’: Machinists approve Spirit AeroSystems contract, end strike  Wichita Eagle",https://news.google.com/rss/articles/CBMidkFVX3lxTE9xakNiTDlLalpZZWp3X1JDQkEtVnExVGZBSjJCc1V0QlVXSnpRV0p6NTRyalkxZmcwLWQxdy12bWl6VWxNcWd4V1NoRVdUVC1mNU9EUzR1V29yS0ZDMHhkWS1XSjNmdGVFdFJJcjRzTGJHTkF1ekHSAXZBVV95cUxNVUM5WGRGelJrRGxySnQ2U0ZyQ1RjbEhTUDJ4MlQ2TG5pYU5YZUxZWHVxa3o1QUgxTWZaUjliWHBFcWNudEI5N3ZBdC1LNlZURUs0WXJLQlRNX2pKLWhBY0ZLeElHMlFBT2xJZFhmSVdodnZKbVZB?oc=5,United States (EN),LW,"Labor & Workforce (Strikes, union disputes, labor shortages, layoffs, negotiations)",Spirit AeroSystems,"Wichita, KS, US",5.0
Spirit AeroSystems suspends production at Kansas site due to worker strike,Manufacturing Dive,2023-06-22 07:00:00,Spirit AeroSystems suspends production at Kansas site due to worker strike  Manufacturing Dive,https://news.google.com/rss/articles/CBMiowFBVV95cUxPVDRTUF80THp2ZFBCRjlkZzdkTGZCcFN0WDZFYTJqMXBPS01CMHJQT3VhWG5DSl9WS0dWLTVhY0pjN0s4Y3Y2VUxwbFhTbXpKaTNyeVNVaVMwZkdmMXhhVHdEbVozdUFWaGZEVjFqdEJjVDNqS3Vnbm1OTHNLZjhpakNQeFlNV3l4cC1LUFVvVUx4R05NY3NhT19pM2g5T0FPYlJJ?oc=5,United States (EN),MP,"Manufacturing & Production (Autoclave downtime, kiln shutdowns, factory floor capacity constraints)",Spirit AeroSystems,"Wichita, KS, US",7.0
GE Aerospace's struggle with supply constraints hits jet engine deliveries,Reuters,2024-10-22 07:00:00,GE Aerospace's struggle with supply constraints hits jet engine deliveries  Reuters,https://news.google.com/rss/articles/CBMi1AFBVV95cUxPRERtc25YcGEzVmhMRDJfdy1UU3RMUGkyLTFBemxBU2NlSDAweUdtblNFcmVZUDdtTGJoLXhsbndGQzMtTEc1dTR6N2dCOXRncjNDZjZ2d0hjRElEbF9EaU9Cck5qeFB0M0lTN0Y4ODRQUWdyLXJ5ak5tOFlRczY5R2R3MW1mYzlhelo1Qk45aFpzRk9wcXdVVlk1blUtd2FQVzVtbHprWGlrd3BacjlDVm5Zb1FKY0hzRW9YZTQ1RnlCcDJvSWk3X3BCNEk3U1JIc2dQaA?oc=5,United States (EN),CS,"Cyber & IT Security (Ransomware attacks, IT/system outages, data breaches at key suppliers)",GE Aerospace,"Evendale, OH, US",5.0
Spirit AeroSystems to furlough 700 workers as Boeing machinist strike continues,CNBC,2024-10-18 07:00:00,Spirit AeroSystems to furlough 700 workers as Boeing machinist strike continues  CNBC,https://news.google.com/rss/articles/CBMigwFBVV95cUxOaDVaMVFWTGNEVzFoRDM3d0JXY3dRaFR3M1RKYkZLV0NJZXN5UXlaSTIzNDloVm5tT0pVcGd4dk84bVhZaC1uV0hsZDJrOVkwdVR5TEkxbXI2N0xpZTVJWWxONTZUMnkwM0dnWWlEakRfWnpCdUphcFZicHNHWU9wUnZPSdIBiAFBVV95cUxPOWw5MWduQlJFZHctbFFPX2g5SUJLUmxLZTRDSDBreDR3ck5aN0JBbjJhT3lsemlSdmZaYWNNZUdHTWhabzFzZWV5YkdmR2psZEhTZ2xBbGM5N0duMnZNZE1xTmtlMmlMS016T3ZPNm1GM1F0QXh0a3RDZlY3bTlBMFc4SGNGZk9M?oc=5,United States (EN),LW,"Labor & Workforce (Strikes, union disputes, labor shortages, layoffs, negotiations)",Spirit AeroSystems,"Wichita, KS, US",5.0
Key Boeing supplier stops production at Wichita plant after workers vote to strike,CNBC,2023-06-22 07:00:00,Key Boeing supplier stops production at Wichita plant after workers vote to strike  CNBC,https://news.google.com/rss/articles/CBMiqAFBVV95cUxQUERMbkd1ZVN6cG1YTjdpaVRmdGZiQlNaYnA0UU1rY3VXRDJiLXNKSnZUT1dPM3R3TUFJZVRLaHE5SWZtc0lweENacTJZdU9WeW1LUi0waDU0cWVPQ2dHVjlhM0lUd05JZ2FlN1hid2QtUXlsS29ZWWVDUVk3MUJXd2h3MWVuZnN4OEtqX0dubkNRQXFueThWTkkyTUdDaWptS2tSRzBNbEXSAa4BQVVfeXFMUHNCVzIydGlRLW9CcC1lOS1lLXZWWXo2Y1pibFpKeUE4ZHF3UlJINVhDTFpTeUdjcHZ6b2txUHBDX1E3ano0OTJlcXVxZmgxRVFzXzJERk5JTjlrZV95Q3NJR0d4VWgwb1hUSzlOSy1zS1UtcUJ2QnRvUHFKZ0FjcGxYcDh2cnpHaWhuMm1oUGhMekpiMjhscDQtR3paaVZSUDNhSVJodEZTRVotcHp3?oc=5,United States (EN),LW,"Labor & Workforce (Strikes, union disputes, labor shortages, layoffs, negotiations)",Boeing (Direct),"Renton, WA, US",5.0
Spirit AeroSystems to halt work at Wichita plant as union votes to strike,Reuters,2023-06-22 07:00:00,Spirit AeroSystems to halt work at Wichita plant as union votes to strike  Reuters,https://news.google.com/rss/articles/CBMiygFBVV95cUxPRWd0V0RuMDU2YmpIUFpsSWxmVGdlSVVFTDlnZHpDUDE5MWt6eGsyOWdRWjFYVFF2SDdCbmVDbWJTdmMtdjN5VDVnanZFYmJtNlRkcEk2TUJtUmxOenBZS01kSzFpNXotYjlESHVoc1hiNEJ6TldsdFdqZEptM21KcERhUXFhVGUxaTR1SWNWdnNidGEwTnBSOXpKeFhWVmJZTjZCR3hxSEEyWDB2Nk9BbVNKR0FDcnI2WjZFb2Ric1U0VlRGQ0VWNkxR?oc=5,United States (EN),LW,"Labor & Workforce (Strikes, union disputes, labor shortages, layoffs, negotiations)",Spirit AeroSystems,"Wichita, KS, US",7.0
Boeing Strike Causes Spirit AeroSystems to Furlough 700 Workers,TravelPulse,2024-10-18 07:00:00,Boeing Strike Causes Spirit AeroSystems to Furlough 700 Workers  TravelPulse,https://news.google.com/rss/articles/CBMitAFBVV95cUxQQVBsU2JmMVp4ZWVkUmRTUllPX0xJblNDMmxSVFZLX2ltdWFOdW1kQktjUDlHZDhqdXJNd0RlTGJxaUwxZEJkS09OWUN2MHk4bEdJYTNkRTJ5RTduZWNWMHFZV1N2M2dlWkZpTXhzWDg3VlJ6QVB5ejBWUFdxVEZLTGhHZzNqMC1STXd6WV9FT2xYRm5xd2N6T1VZeEwwMVliWGdlZkJfWERhcWExRU1iWDFhaTQ?oc=5,United States (EN),LW,"Labor & Workforce (Strikes, union disputes, labor shortages, layoffs, negotiations)",Spirit AeroSystems,"Wichita, KS, US",5.0
Six Thousand Machinists Strike Aircraft Parts Giant in Kansas—Threatening Boeing Production,Labor Notes |,2023-06-27 07:00:00,Six Thousand Machinists Strike Aircraft Parts Giant in Kansas—Threatening Boeing Production  Labor Notes |,https://news.google.com/rss/articles/CBMiugFBVV95cUxQRlRUOHZRdlVYYXVVOEc3TXBuRnc1cE1Bc2NVT3Bwd0YyYzltOFNoNzE1eWlMV1JJX24zVmZ4RVY5Nm9MWldtRFNmb0FxdkdWZG41TENOOUV0NXdNT1VGMFd6cnZ5QU9hZDFGbmdNclN3U0pUODBpbXB2ZVh3VHJnX2FOYzJGOERIWm9rSFVrZGJhZFdLTHJ1aGQ3Sm9QdHFjYVFXMk9oaUhHSUJETHRESk9iX0dhemNYdmc?oc=5,United States (EN),LW,"Labor & Workforce (Strikes, union disputes, labor shortages, layoffs, negotiations)",Boeing (Direct),"Renton, WA, US",5.0
Spirit AeroSystems Outlines Latest Boeing 737 Disruption,Aviation Week,2023-05-10 07:00:00,Spirit AeroSystems Outlines Latest Boeing 737 Disruption  Aviation Week,https://news.google.com/rss/articles/CBMiugFBVV95cUxNcjhsTFJEcWNlYzVFYnhYZFNHZ1E0cEpGWWhKMk5UOGZsZUs0ZnpHNVRaVDBEdGdCc0ZYMEtpVmRBMnRJa0VncHpIZ1BQc2p3c0xrMmUwOGZSN1hwdHVMM0VuajJNUXh0X3BKaEl6VHJxOFVpUUpHdGlSbTRKNmJuaHdQV3hjQWhwRVhPNWNzSVd0X1NhQU1tRDFsbXRVWGNXWWdfR2VEMzBDTlJaNy0tREF1ZjNYazlkdWc?oc=5,United States (EN),CS,"Cyber & IT Security (Ransomware attacks, IT/system outages, data breaches at key suppliers)",Spirit AeroSystems,"Wichita, KS, US",5.0
"Spirit AeroSystems and union reach tentative deal, creating path to end US strike",Reuters,2023-06-27 07:00:00,"Spirit AeroSystems and union reach tentative deal, creating path to end US strike  Reuters",https://news.google.com/rss/articles/CBMiuwFBVV95cUxNb3VTUU9ReE8tSWptU2FISjNwRlFGU2FRMzJrN1R5b05BZjJjemtRZFN2QWNEaEZvczVESHI0ckxYNmF3V2xiczRsSFVqc1RNSDE5Z0lqVXFFSVJaZ1dQcUkxVlN4RDFadmU0Wmc0RWxqeEpPYW16V1VhYmdWYnRXcWhKck5MWndLRFA2aTFwR29Hb2hhTVh2WXdsNnpBem9GVVB5WXlHekx6R045WjMtVGNveEZwUnZEQTZF?oc=5,United States (EN),LW,"Labor & Workforce (Strikes, union disputes, labor shortages, layoffs, negotiations)",Spirit AeroSystems,"Wichita, KS, US",5.0
"Hit by Boeing strike, supplier Spirit Aero to furlough 700 employees",Al Jazeera,2024-10-18 07:00:00,"Hit by Boeing strike, supplier Spirit Aero to furlough 700 employees  Al Jazeera",https://news.google.com/rss/articles/CBMisgFBVV95cUxQb1VEdXZnZW9BY3BEVGQ1azFxSENXN0lRY01QS2JoeXR0OG8tcDJZX0hPSVJ6aTVQSDZxazh6Q2ZlLUJQLVF0SlRmekhEUTBySTRPV2w2bmNoU1ZoVGQ1UmpoN2t1TENxX0pCYXBGaUxKM1FKZW5KdXoxZnFRcXBaTzJOekhBSEJiXzZhS2FxM3g5WjFpX0R6c1RVMmI5QTRJTVlGQlY3ZGNFVUE5SE9wampR0gG3AUFVX3lxTE40RU9PeUk5N2lsZnMwemFxbFlRakpCTmx5ZXRQMTVubjhCWDlKVS1yeHNoZ2ZwVUU2NHVOM2E3ekJoRl9CUnhtajIxbklHMFcxc1pjcmJucEhVX2VSMnVSbktLdzJZTjZfNktkSGp5Rk5QcTRka3Y2ZFpBanNMdGVKcWtHRjJuOHRKei11dExMRGpMZkU5SUxqSzNaV1V2MlFET1ZwdFY0ZDN3YkFqR2JxcXVIZG5HNA?oc=5,United States (EN),LW,"Labor & Workforce (Strikes, union disputes, labor shortages, layoffs, negotiations)",Spirit AeroSystems,"Wichita, KS, US",5.0
Spirit Aero to furlough 700 workers for 21 days due to Boeing strike,Reuters,2024-10-18 07:00:00,Spirit Aero to furlough 700 workers for 21 days due to Boeing strike  Reuters,https://news.google.com/rss/articles/CBMivgFBVV95cUxQTWpRZGhSTGRwc0tCOUNBVFlPdFFMV3VLVi1jdU5Nd040QnJVSHNJSkZJNzNEUzRBcWZLeUtPX1dPRVFMNVB6ZW9xUklFX1BGOUVvMGZaZXlNQ19ZMnppX0dUQ0szdHY3YnVCblJDWUtiUFFwR3kzczZqcE1kU1J0cWs4R1ZMQjMzZGR0bmxYUV9ENUo2cS05MGVjMlY0R3BOQ0MyVVZpWjlZcVN0aWNHa1B2dUN0czA0NHM0ZFR3?oc=5,United States (EN),LW,"Labor & Workforce (Strikes, union disputes, labor shortages, layoffs, negotiations)",Spirit AeroSystems,"Wichita, KS, US",5.0
Spirit AeroSystems Engineering Union Accepts New Contract Offering 23% Wage Increase,Simple Flying,2024-11-26 08:00:00,Spirit AeroSystems Engineering Union Accepts New Contract Offering 23% Wage Increase  Simple Flying,https://news.google.com/rss/articles/CBMiswFBVV95cUxOSk5Xd091Z3RsUWR4M0F5dFNieThDNkRQYnNtZ2FhVFQ4bGdhWHljRHV1aDhVZHBGVTV5UTlYbU5lbXBWU05Ia2R4MFpRQ1VWeG50cWJqNHBDdGhRdkFsN2xqWnFhcS1oTDd5SlFXS3BQUFlGRXhveVczeGZfNFRVRF9OYTBZazNzS1M2WVVRN0RzbkdrNGpsYnJBeEhSTEgwSGFvYWZwbUVJbFJRLU8zeTJxYw?oc=5,United States (EN),LW,"Labor & Workforce (Strikes, union disputes, labor shortages, layoffs, negotiations)",Spirit AeroSystems,"Wichita, KS, US",2.5
"6,000 workers strike Spirit AeroSystems in Wichita, Kansas",World Socialist Web Site,2023-06-25 07:00:00,"6,000 workers strike Spirit AeroSystems in Wichita, Kansas  World Socialist Web Site",https://news.google.com/rss/articles/CBMiaEFVX3lxTE8xb043d1lYZkRlUWJWLU5YWHZEZkVUOUhSemNkMDEyeURnUkd3SERuOUV2VGtMYlRqaG1OMm5oYTFXZnFmVFJrOHRDRDVSZ0RfdjVqWk9GZFg1blNRdXRuX2JIaXFtenJW?oc=5,United States (EN),LW,"Labor & Workforce (Strikes, union disputes, labor shortages, layoffs, negotiations)",Spirit AeroSystems,"Wichita, KS, US",5.0
Spirit AeroSystems plunges 27% after bleak cash-flow outlook shocks investors,Reuters,2023-08-02 07:00:00,Spirit AeroSystems plunges 27% after bleak cash-flow outlook shocks investors  Reuters,https://news.google.com/rss/articles/CBMiwgFBVV95cUxNd1BBbmk3dFVMMFM1WlgyTkJhd3I0SE1MSkd4QzdCaURZRnRSYkJKdWkyUnNKNXlyWVQtZm1uWURKNHlhWDFORlZTbjRzdWkwbWZ0T1p0dEtiY3I4eUhvbXRhbTNtVEpweWZKQVFOU1ZpYUFWTW9KdEpLb1ltWmU1Rjktd2Q3VVU5OEd1bGdPczI1SWlvaUpDUmU4VmFMN1JwRHZTWUx6LURxZWFQX2FkUEtCT0lGUlNUcVBKZDA4XzFBQQ?oc=5,United States (EN),CS,"Cyber & IT Security (Ransomware attacks, IT/system outages, data breaches at key suppliers)",Spirit AeroSystems,"Wichita, KS, US",2.5
"Machinists union turns down Spirit AeroSystems contract offer, approves strike",KWCH,2023-06-20 07:00:00,"Machinists union turns down Spirit AeroSystems contract offer, approves strike  KWCH",https://news.google.com/rss/articles/CBMirwFBVV95cUxNdXhpYmdHRUJkTmllTWJ0RkFRMGZWTEd5VW9KcURlSG9kQjFjMWh3WkhZMFc2UDNtdWhZbjhjMWNDbjlfNUxIRmFBdFN6S1I0ZXhKOTJXT0hTSTNSeXVRTmFGYVpqSmNITDEyQzN5OWpWWEdQZWJXUWkxWjYyVzZqUDNUdktBMlNzdHhMTjg0T21Bdk5HR1ZEWXljZjlIdlZkQ1U3S2hid2lVZUVTRWdZ?oc=5,United States (EN),LW,"Labor & Workforce (Strikes, union disputes, labor shortages, layoffs, negotiations)",Spirit AeroSystems,"Wichita, KS, US",5.0
"Boeing, Airbus supplier Spirit AeroSystems closes Wichita plant as workers go on strike",Skies Mag,2023-06-26 07:00:00,"Boeing, Airbus supplier Spirit AeroSystems closes Wichita plant as workers go on strike  Skies Mag",https://news.google.com/rss/articles/CBMipwFBVV95cUxPMzd4UWpQa1hqalp4OGFETWZISUgtUTZWaGdPWkNNUlV4cDhib2J2elVtWjl5cW52TXFTQ2k4R1ZYd0xYS3Q1dTdHeS1Kc08yeDlXem1Sam1FOTFLcmY4UEVkdzFBN1REUkRndDF5MU1TZXlhZW13b3ROZTBIQUlRbmdWQm03azZrRk5hR1k5ZVhMYk5YUlEzdHRIREJJdjFZZG5LUDZub9IBrAFBVV95cUxNMTJ5ZUVQSG5uZVhRVHJOTnVDOFA3RVpTU3oxSHRhd01UZFVtWV91OU84dnlPSHM4cWVubW53U0FpSHppX1hiTEZ5NkZWcFlpZ2hkcVdJTEI4M2U2cE1Nd2pjSU5SdlJkc2gyZzFURGEwMDF4eVVrWEZOQ04xbG0zcVllcUI2WWF4VGZHakZQTElLU1FBYnNQSUJjVHRSNUpUTDVPY29WUzVVMkxr?oc=5,United States (EN),LW,"Labor & Workforce (Strikes, union disputes, labor shortages, layoffs, negotiations)",Spirit AeroSystems,"Wichita, KS, US",5.0
Workers at key Boeing supplier vote to end strike,CNN,2023-06-29 07:00:00,Workers at key Boeing supplier vote to end strike  CNN,https://news.google.com/rss/articles/CBMifkFVX3lxTE5EdkVUZnRuX1BHMnA4dGM2eHU5ZGh4bDVubEV1RXpZRTBpOFY5bFViUHNsU25KOW1DYmhnTDV4R3pxdmNBaFNLZWkzY2FLWlhaU0JZRWpvNndUNWVFSnprMllnZE95Y3d5RHJ3MmZwcThaaU5qbE8tMW9Ba2VaZw?oc=5,United States (EN),LW,"Labor & Workforce (Strikes, union disputes, labor shortages, layoffs, negotiations)",Boeing (Direct),"Renton, WA, US",5.0
Spirit AeroSystems chief executive Gentile resigns after production challenges and labour strike,FlightGlobal,2023-10-02 07:00:00,Spirit AeroSystems chief executive Gentile resigns after production challenges and labour strike  FlightGlobal,https://news.google.com/rss/articles/CBMi3gFBVV95cUxNMTEzaTZlc2JxbVV5bWhWZGFTN2RWTXhDZ3pyVVhSVGV0QmNWNHM0NUlZVW1DbmxGYVh5Z2xXdnRTNTBYdmg0aGo1U1lfUmlkOGhxSDBSQ0hHVnNyNDl3SWVxYVpfeTV3WDhvckpQOFFwYlpTSXRXOWtjNHMtLXlkRmZoZHJud0xiVVE4X09yYlk5UDB1TlhZb0RDS0hhd1VNVVFEeDYyN25aNkotbldYQ19HemV5TFFfRTNMUy1aYWUxSXNKSDk5bzdDSDdRaUd3RGxJWkhmMWl0cVdoaVE?oc=5,United States (EN),LW,"Labor & Workforce (Strikes, union disputes, labor shortages, layoffs, negotiations)",Spirit AeroSystems,"Wichita, KS, US",5.0
"Spirit AeroSystems Reports ""Substantial Doubt"" Over Continuing As A Going Concern",Simple Flying,2024-11-06 08:00:00,"Spirit AeroSystems Reports ""Substantial Doubt"" Over Continuing As A Going Concern  Simple Flying",https://news.google.com/rss/articles/CBMiggFBVV95cUxQbUlDVlpSTEw5ZnBLemVjbzM4aEk0ZnlOd1VYVVFrT0dvbEM0X0xGOEYwTE1tQmk1VEVyT3ZoejBPV0czSjVlYzhVSkx1c1dCaldtN3M5cXVIbEhlbHlXSWNNWWVlOW56V1NnbHAzQjlVVVZybk1weTh4N1ZBcjltaU9R?oc=5,United States (EN),LT,"Logistics & Transportation (Rail delays, port congestion, shipping/air cargo capacity bottlenecks)",Spirit AeroSystems,"Wichita, KS, US",3.0
Boeing's Surprise Recovery Offers Supply Chain Optimism,Supply Chain Digital,2026-04-23 07:00:00,Boeing's Surprise Recovery Offers Supply Chain Optimism  Supply Chain Digital,https://news.google.com/rss/articles/CBMimwFBVV95cUxQR3FvandIV0lpRnlIRjh3VS1rQWNZMl9Zb1VxWGRDY1diYTVtRWhmZW9HSndTeG9SWXl2ZkRhbDcyUzc3QmE5Tlh5N3RPMlgwdUtXcGlPOHZtVjZPUTB4V1hBUE1FSHJBRUFHdGtMTWlVaTNTZGhXQldMUE54ZGZlU0dnbXFBRFJxN0pucW9maWNEOFRMenBaeF9EWQ?oc=5,United Kingdom (EN),CS,"Cyber & IT Security (Ransomware attacks, IT/system outages, data breaches at key suppliers)",Boeing (Direct),"Renton, WA, US",2.5
"Boeing Global Services Invests In AI, USM, Inventory To Boost Supply",Aviation Week,2026-03-31 07:00:00,"Boeing Global Services Invests In AI, USM, Inventory To Boost Supply  Aviation Week",https://news.google.com/rss/articles/CBMipAFBVV95cUxPTjZYX09UajFITjFnNC1wVWNXMkw5azFBNmtmX3VxWkVwSWVqbS1CdVVnY18zbGE4Yk1xSUJ5c3MyMVNMbTFYS2w1Y0oyUGo3em44UVY5cHpCbnJjWVNXdmFCN010aldvcUFnamN4WEZ1dVRISWc0LVFkQWlIWjNvZ1hLTVhNU0VNMTEzWDF5Z0F4ZnNEcmRiZ2NWdFVzT2hTNXFJdA?oc=5,United Kingdom (EN),MP,"Manufacturing & Production (Autoclave downtime, kiln shutdowns, factory floor capacity constraints)",Boeing (Direct),"Renton, WA, US",2.5
"Boeing 737 MAX Wiring Issue Forces Delivery Pause, Rework",Aviation Week,2026-03-10 07:00:00,"Boeing 737 MAX Wiring Issue Forces Delivery Pause, Rework  Aviation Week",https://news.google.com/rss/articles/CBMiugFBVV95cUxOQkVNNjg3dnpLSnZfS2F1aEVYZkVWWDd1T3VCTC1rU2lNeVBLeEVvbmxTQXk2QUZEdUd6bzNEcHlXLVdZX0xhSm5wdEhzVjZpbkp2UnIwUk5oOUR0MW1xMS1IdlpNNnFjcFJCSzVMMGlMaEhCS0RtQUExTjNXNjhLZ1lCVS15dGdkb2IxXzlfU0lESnB5cTAyYzlna21rSllEdTZaNWRSWFYxSmxhcS0zX3d0cEUxR3hWTUE?oc=5,United Kingdom (EN),LT,"Logistics & Transportation (Rail delays, port congestion, shipping/air cargo capacity bottlenecks)",Boeing (Direct),"Renton, WA, US",2.5
Boeing narrows Q1 loss on stronger deliveries as backlog hits record $695B,AeroTime,2026-04-22 07:00:00,Boeing narrows Q1 loss on stronger deliveries as backlog hits record $695B  AeroTime,https://news.google.com/rss/articles/CBMigwFBVV95cUxON1FZRFppV2V5enJmQWR3RVhrMlQ3OVpDbmQzT3pQUnhRS3JGME13UjJ6RGdtOExXQ2x4ZWRoTDdaazhKY1N3a3FQRHAyVGt2bDh2SVVDZGxSQ2VlakU2V2dtdUhZbWhtV1A4amRwbVBVMDQza2RYOFlhUGFqblQ3RUc1a9IBiAFBVV95cUxPWGZONlo1LXhBVm9BbUJ3b2YxRkFfUjV1VE55cTgxb0tyZUc4UVNsb0ZBWGROWE9zcGJtR3g3MFMzOXJkVjNCUzR6ZDRVWGEzWmRVc25Jbm9UVlR6SENfeFhoVW5kYjEyWkd6UDRnOEg3czhOb05QMUJ4TlQ4OGRTazJDeTRENEcz?oc=5,United Kingdom (EN),CS,"Cyber & IT Security (Ransomware attacks, IT/system outages, data breaches at key suppliers)",Boeing (Direct),"Renton, WA, US",2.5
"Middle East conflict impact on Airbus, Boeing",Leeham News and Analysis,2026-03-10 07:00:00,"Middle East conflict impact on Airbus, Boeing  Leeham News and Analysis",https://news.google.com/rss/articles/CBMihgFBVV95cUxONWxTS09uMkEtMEhwRmpjT1NqNktLbzZRZjk0akRhd3I0aGpvLW9HQ1JUSjZ5V2w2QkotWWN2OVBQMlVyZDFSTWJnMGZEc3NSWVA5YXlDcWlQR0VjSmVSZ244Rko3SnZJdVE5LWNneGtrMjJqSWYzaWVBeTdvaGFaZGdKYjBPUQ?oc=5,United Kingdom (EN),MP,"Manufacturing & Production (Autoclave downtime, kiln shutdowns, factory floor capacity constraints)",Boeing (Direct),"Renton, WA, US",2.5
How Airbus and Boeing shared spoils through 2025’s commercial highs and lows,FlightGlobal,2026-01-26 08:00:00,How Airbus and Boeing shared spoils through 2025’s commercial highs and lows  FlightGlobal,https://news.google.com/rss/articles/CBMizgFBVV95cUxOX04yZTRvY3dwRkI4X1JmX0xEMDNlWk13U1BCci1md0xCbzlYdjJ1UTF2d05aUXZpVmxjYW51a2s3RHVtSnFVN2RYUGlXVWp6V1A5RUk2WHV3cG9sRDVjdDhBLUhKbWc3bV8zNVZtNGRNd0QwYm1VbWJnNE56V0lOZlhlaUNhZXhwbDl5RVZ4NVRRUjl5RnF0TEhvSlJYTXBzYkp1UnZRc2VMY21HdWtoWlhfNTNNcUFTb3M5TVFfVTNZNXUxN25rQ0ItZWhFUQ?oc=5,United Kingdom (EN),MP,"Manufacturing & Production (Autoclave downtime, kiln shutdowns, factory floor capacity constraints)",Boeing (Direct),"Renton, WA, US",2.5
Boeing Says Wiring Issue Will Delay Some 737 Max Deliveries,The New York Times,2026-03-10 07:00:00,Boeing Says Wiring Issue Will Delay Some 737 Max Deliveries  The New York Times,https://news.google.com/rss/articles/CBMieEFVX3lxTE41WGRTTVZ1OUhqUVkyT2RCWHphSUFBVVozZXJwd0NCZXRHQmlyalJmcU1lSHVPVGFIcHdCRXVnTFBhdlNhMmlZSTBJS0d4d01pSEljX0ZrdjQxbkNtYlZOdXdLXzI2NEdnVTFIbk9QRzNkdzB1Z1lQeg?oc=5,United Kingdom (EN),LT,"Logistics & Transportation (Rail delays, port congestion, shipping/air cargo capacity bottlenecks)",Boeing (Direct),"Renton, WA, US",5.0
Comac: The Chinese planemaker taking on Boeing and Airbus,BBC,2026-02-03 08:00:00,Comac: The Chinese planemaker taking on Boeing and Airbus  BBC,https://news.google.com/rss/articles/CBMiWkFVX3lxTE1NYzlqM05yNUo3R1FDQ0hfSTMzekdwb2ZuN0Vnd2p0MzhyMGVHUlpQUWdaN21qYmZOYUtpck45dnZERWl5TF9LYXVzb0lsNlA2SURkYXBvSENKZw?oc=5,United Kingdom (EN),MP,"Manufacturing & Production (Autoclave downtime, kiln shutdowns, factory floor capacity constraints)",Boeing (Direct),"Renton, WA, US",2.5
"Air India Orders More Airbus, Boeing Narrowbodies",Aviation Week,2026-01-29 08:00:00,"Air India Orders More Airbus, Boeing Narrowbodies  Aviation Week",https://news.google.com/rss/articles/CBMipwFBVV95cUxOS2RXN3h4akNtZlR4ZFNvU3RXTE9aR3hoQkt4YU00d0xoRXJCa1BCeHA0bzZRLWFIXzRkVkxOR3RkY3VvOENwRTBlZDdScjg2OWZNX1Bab1RlT1UyQmtlZENxOTI5bmVOc3oxUnNXeEVoVU1kRHc4LURlY0RWRU0zUlVIOVphamNzMkdhT204YWVqWE04a3M3b3JpRUF6X3IyOWY0c1ZKdw?oc=5,United Kingdom (EN),MP,"Manufacturing & Production (Autoclave downtime, kiln shutdowns, factory floor capacity constraints)",Boeing (Direct),"Renton, WA, US",2.5
"Exclusive: Boeing hiring more than 100 factory workers a week to boost output, replace retirees",Reuters,2026-04-16 07:00:00,"Exclusive: Boeing hiring more than 100 factory workers a week to boost output, replace retirees  Reuters",https://news.google.com/rss/articles/CBMiuwFBVV95cUxOWXo4dnY2NUl2eGhPREJxUG1JMWNjRjZ1MjNEelVUQWYtOFhZMXR3NGxNeXYyZEgxTWJsbE9QcjBUdGFJOVlobVR1Qm9YSFc2RnNZUVpqRWl1VzJZQzdaY0dXMXJPYUJaZ040RGdUbXN5THBOcjY5WmpnVHRHNTN3NWFlTDdQYU5RUEdzOFhFU1BEd3BicjRZSEFKZEZvWnl2bk42NXhWSll0WHhCMF84VnV1LW03NWlOQ0ln?oc=5,United Kingdom (EN),MP,"Manufacturing & Production (Autoclave downtime, kiln shutdowns, factory floor capacity constraints)",Boeing (Direct),"Renton, WA, US",2.5
Boeing to Delay 737 Max Deliveries Over Wiring Issue,Supply Chain Brain,2026-03-12 07:00:00,Boeing to Delay 737 Max Deliveries Over Wiring Issue  Supply Chain Brain,https://news.google.com/rss/articles/CBMiogFBVV95cUxPRHg0bXRseVJQaE5SazJ6RGdpbnBURnAxeVBjTnFYdkhta1pRVlBwblo3d3Q4WmtHY3V3bnJ1R0pqTktrMjY5X0N6LVlZNkpiMVJ1NGxLNExzeXhSNGcwaHJUZFVVVDFSRUFSakFRT0lqRXF0WDVyamQ0Z3NaanVMejBuckxwdk1vOGtaYU1oVE9TMlRxVjBkS05wWmg1RHJDdFE?oc=5,United Kingdom (EN),LT,"Logistics & Transportation (Rail delays, port congestion, shipping/air cargo capacity bottlenecks)",Boeing (Direct),"Renton, WA, US",5.0
"Boeing knew of engine defect on UPS plane that crashed in Kentucky, report says",The Guardian,2026-01-15 08:00:00,"Boeing knew of engine defect on UPS plane that crashed in Kentucky, report says  The Guardian",https://news.google.com/rss/articles/CBMilgFBVV95cUxQR3FnYVFSOF9hZFl3b0F1czdFZllOUUthVTZLMjdMcEJFcGZaVEhINl9CSGVzVUFpWmRJMFRfUUs4d2ZmcU9LcXJNd2dzZnQ5RlBvdjdWalV0QkZXWDRrVEVuZU1NYzFtcFZlWm1yYURlUmRud1dTbm1BQ01xUlBpWnRfWVV3c1l4bGJCMlJxSlo0UFFoRXc?oc=5,United Kingdom (EN),QS,"Quality & Safety (Supplier defects, quality escapes, airworthiness directives, recalls, inspections)",Boeing (Direct),"Renton, WA, US",5.0
Boeing Assesses Supply Chain Risks from Middle East Conflict,Global Trade Magazine,2026-03-17 07:00:00,Boeing Assesses Supply Chain Risks from Middle East Conflict  Global Trade Magazine,https://news.google.com/rss/articles/CBMilwFBVV95cUxPa1NQdl81VnlLMldxV2l0SUctME03V1JtRTEwdUYybHo1TkhTcXZFVWpxS1pkUFlVRW1pbkhrQ0xLTzcteHZNVlAtSHFUTkdXN01EV01rZkhQR0ZCWi1SbVJFdFotd0NfNEY0X2QwcWVSRGpodEx0U1ZuYUVVTExKVGl6NEJhYjBZbXJtWE9YRm5OeG10anZZ?oc=5,United Kingdom (EN),GT,"Geopolitical & Trade (Export restrictions, sanctions, tariffs, trade war/conflicts)",Boeing (Direct),"Renton, WA, US",2.5
Boeing Reports Wiring Defect on 737 MAX,AirlineGeeks.com,2026-03-11 07:00:00,Boeing Reports Wiring Defect on 737 MAX  AirlineGeeks.com,https://news.google.com/rss/articles/CBMiggFBVV95cUxOdDNaVF9tN1U2V2pkSmpvMDFqLUQ1T3hjel9qcG9tYWxDdFZTNWdsWFNHUkU0ZVE1NXpoQU16OUNPQUdZc0RBYWo0MHhKS3I2cXhUUENjT3JLS2kzYVJaeWY0ZjJyQmRwTUppX0Jxa0RwNkRfSEw3NU02U1ZrLXo5QkV3?oc=5,United Kingdom (EN),QS,"Quality & Safety (Supplier defects, quality escapes, airworthiness directives, recalls, inspections)",Boeing (Direct),"Renton, WA, US",5.0
Boeing deliveries up 69% while Airbus struggles with supply chain issues,laranews.net,2025-12-18 08:00:00,Boeing deliveries up 69% while Airbus struggles with supply chain issues  laranews.net,https://news.google.com/rss/articles/CBMingFBVV95cUxNcl9hb2ltTDZTUG4wTVk5by1ndk9lY1RvTVd6RU9yYUlZSkdjQTRua0U4LWxiandPMjdQTkREaU1HRTVJSGhrQTVLQmNKMERDdjNLNWZ1UDEwVGZVRE1DTUMxY1p0ZUZoRU5fcTZod0xBNXNvaUZvVTJ0bm4zdFM0LXNKYTV1MUt3VmVsbVpSQk9BYlU3bUdoVnF4VW42QQ?oc=5,United Kingdom (EN),CS,"Cyber & IT Security (Ransomware attacks, IT/system outages, data breaches at key suppliers)",Boeing (Direct),"Renton, WA, US",5.0
Boeing Wiring Issue Could Delay Some 737 MAX Deliveries,AVweb,2026-03-11 07:00:00,Boeing Wiring Issue Could Delay Some 737 MAX Deliveries  AVweb,https://news.google.com/rss/articles/CBMie0FVX3lxTE9VT2hYUnJhQWEzNURJTlRXUW01Q3BfdHV5Wlo0cUE0RHQxT0gwS2pLSmNyRUV6eXBnREx2Yjl0aXRkMlBocXRha3lWOEM4cGhaX2JFT1FlWlRHVExpNVdocU4tdWlrdnRuV1hBSVBCMTRubGJpTFdwM21Eaw?oc=5,United Kingdom (EN),LT,"Logistics & Transportation (Rail delays, port congestion, shipping/air cargo capacity bottlenecks)",Boeing (Direct),"Renton, WA, US",5.0
"Boeing touts supply chain improvements, progress in its “war on defects”",Sherwood News,2026-02-12 08:00:00,"Boeing touts supply chain improvements, progress in its “war on defects”  Sherwood News",https://news.google.com/rss/articles/CBMiqwFBVV95cUxNS3lEcTh4cGU0RGRnVnJya0FFTFY5WlRZNTd5bDZkNU5sUEE5OFRzcHBtSndzUzdGSVFPZVNVT211SmpEX0E1dDB3ZW1KQXl5NWNyNTMyM0hoVDR5OGk0N1d5TkdkMmV0RU9EUHo5VzZzeEkyVWJNR2dmRkUyWmlBTXJRbkwyV2tQVlNvSVI0NEpoNWRmUHhfekdhaWpoSGRkMUthNWJwak9FNWM?oc=5,United Kingdom (EN),QS,"Quality & Safety (Supplier defects, quality escapes, airworthiness directives, recalls, inspections)",Boeing (Direct),"Renton, WA, US",5.0
Boeing posts Q1 revenue jump as backlog hits record,MSN,2026-04-28 07:00:00,Boeing posts Q1 revenue jump as backlog hits record  MSN,https://news.google.com/rss/articles/CBMipAFBVV95cUxPV1o3SVBvMnhUSzVtcHlVLWhLMkJweV9kUkE4dmZQTW1YZjdZSk9NZjBROTMzQXlvQmlNYm1sU2tyVWUxYjZFOGh3OWlEN2NPNFdLTzlSVWlnQ0JYSS1WalVGcnlCWVNfRzNyUXFXS3pZOGU1d1JNOHJfcmlETW1KUEhiN19WTDFZUTJCSE1MSTFjWmZwYndxTUo0Y3FWdVNNTktjUA?oc=5,United Kingdom (EN),CS,"Cyber & IT Security (Ransomware attacks, IT/system outages, data breaches at key suppliers)",Boeing (Direct),"Renton, WA, US",2.5
The Great Reroute: How Boeing Is Moving Parts Around A War Zone,Simple Flying,2026-03-17 07:00:00,The Great Reroute: How Boeing Is Moving Parts Around A War Zone  Simple Flying,https://news.google.com/rss/articles/CBMid0FVX3lxTE1yYm8tYUcxQ3doV2RtSVowZmh1R18yTmxmdGV1aEpmcUtBS3Q5eDhLdW5laFhqQ0JrSEhEWVczc1pDMzFJU2QyZmhWM0R4S011UjRlZDBxU3h5eVo5N1VjS20wOElGbWVob25jT3FvcmktMzQzV21j?oc=5,United Kingdom (EN),GT,"Geopolitical & Trade (Export restrictions, sanctions, tariffs, trade war/conflicts)",Boeing (Direct),"Renton, WA, US",2.5
Boeing 777-8F backlog grows by 5 units,Cargo Facts,2026-01-13 08:00:00,Boeing 777-8F backlog grows by 5 units  Cargo Facts,https://news.google.com/rss/articles/CBMilAFBVV95cUxPV1Q3NXNiUlFvMTlKSXNRTzNBREp1dmZra2cyZUNySlNHU2R5MFhZaWFpS1dUUFFpRjJBSGFfLVA1RThqaXg1QkU0aVJ4bU10SUtMeGJITlJhem12UWdUZjhJYkRwUENBMUFOQm43czUtY2FlbnZWYnd2VDlTZThMQzI3T3JpOEpubkY2SmF1MVdpMUdl?oc=5,United Kingdom (EN),LT,"Logistics & Transportation (Rail delays, port congestion, shipping/air cargo capacity bottlenecks)",Boeing (Direct),"Renton, WA, US",2.5
Boeing Says Wiring Flaws Will Slow Some 737 MAX Deliveries,WSJ,2026-03-11 07:00:00,Boeing Says Wiring Flaws Will Slow Some 737 MAX Deliveries  WSJ,https://news.google.com/rss/articles/CBMiqAFBVV95cUxNYl9BdUdzbm5zajFEQ0UweTE1REZ4Mkl5M2lzdVhzbHVJc1hYNWVySXBDX0NTS3p2bDYzMlYxcEMwY01SUmw0SkxUR2QwV2pfdnBRM2dMTHNpV0NUWXVzQjJRMEYyN2JlZjdOZTNQU3JnbExwRkJGTHZWZTN4dUhuUUNHTVNNeFVpM3FzeWQ2a0ZsTEUyZlBEekpodklNV1IwQnd3UHFJVHQ?oc=5,United Kingdom (EN),MP,"Manufacturing & Production (Autoclave downtime, kiln shutdowns, factory floor capacity constraints)",Boeing (Direct),"Renton, WA, US",2.5
Air India grounds Boeing Dreamliner jet after possible defect with fuel control switch,Reuters,2026-02-02 08:00:00,Air India grounds Boeing Dreamliner jet after possible defect with fuel control switch  Reuters,https://news.google.com/rss/articles/CBMixgFBVV95cUxQUk9wbzdKWkY3MExTSU4xT0lFMHB5UjBzR0FUb1NsX2xPdWZ0UXU3Qm1GaExvTXhVdnVkakh6U3YteW81d1VKZVNMb0JUOFVVUHJkUDMwbHJCVzN0UnF0dkYtclp0UldZY0dmNzlFdVJMVjM2ZEJ2QmZhbVZ6Si1BOUlPTmV6d3BUcUNjRFZPd3B6SDlwdTRzNS1jMzRSNmZrQ2FSQzhzNHl1RzlZV0Y2UndEVUNyTFNnT2ZMclZ3aWYzRmg5cXc?oc=5,United Kingdom (EN),QS,"Quality & Safety (Supplier defects, quality escapes, airworthiness directives, recalls, inspections)",Boeing (Direct),"Renton, WA, US",7.0
Boeing supply chain shows signs of stabilization as 737 output trails target: BNP Paribas (BA:NYSE),Seeking Alpha,2026-04-01 07:00:00,Boeing supply chain shows signs of stabilization as 737 output trails target: BNP Paribas (BA:NYSE)  Seeking Alpha,https://news.google.com/rss/articles/CBMixAFBVV95cUxQankzNURYVXRMbkJ5bGJSOXVHOEsxaGQyd1BNNUVrbUxLXzVtdUtwZDNRVlRhaGwxeE5FWWtrNUwyM2pmdTF3NjBzRWlpNzhIXzQ0ZlAwWHRpS0d5X1J1ZmR5c3IyNnJFeUZ1WlZaLXdJRGEyOEI3Uzhlc08wWXdGbm4zSWtieUZhOFJRd2lXQUFBLUU2Nl83dTZMSV9VSUJZLXp4NFBndFR4RGhCbG9BQmFRMTVFaU9WSW5oV2JvOEdJa1JR?oc=5,United Kingdom (EN),LT,"Logistics & Transportation (Rail delays, port congestion, shipping/air cargo capacity bottlenecks)",Boeing (Direct),"Renton, WA, US",2.5
Confirmed: Boeing 777X To Enter Service In 2027 After 7-Year & $15 Billion Delay,Simple Flying,2026-04-23 07:00:00,Confirmed: Boeing 777X To Enter Service In 2027 After 7-Year & $15 Billion Delay  Simple Flying,https://news.google.com/rss/articles/CBMihwFBVV95cUxQWlZBUHlNRFIwbC0xR1c1Unk0ZU01S1hvTXB5WTdtRkpsdnJ3LS1iN003MjRWOVcycjhUbzVkdjE2M1hDSzdLMG5WaFZyc19YWkZJSTYtWU5ocURQZW1wUWZkQWpjUUE5X2U1Rmx5Q3Jaa0pWdXYydlpxa3VrRlFqcGpiY0FabjQ?oc=5,United Kingdom (EN),LT,"Logistics & Transportation (Rail delays, port congestion, shipping/air cargo capacity bottlenecks)",Boeing (Direct),"Renton, WA, US",5.0
Boeing 737 MAX 10 nears approval but faces safety test backlog,MSN,2026-05-02 07:00:00,Boeing 737 MAX 10 nears approval but faces safety test backlog  MSN,https://news.google.com/rss/articles/CBMiywFBVV95cUxNT3JySVUzNnZxZ3gtSmJoSmU1dnRibjVBYVhDUERBMXpydEJWUGtlTS01SkxCb0Q0NlV4MDJGMmNRZzhvRWFBeHdkdjhvbVBnRzlCZDA0WF9yTGo3MjNGdFVSMEJtbHgyT1g3cmRKXzA4N3hHOVVhTnRIdi1SMGlmb29lUnhKRkg2ckt2T1hKeWR4M0VEN1d5UEJESVZkRndPUVVJc1h1bGwtS2gzdXUxdHNsX3Y1RlVQeFFxcV9SZ1hXd3lZT296UVFydw?oc=5,United Kingdom (EN),QS,"Quality & Safety (Supplier defects, quality escapes, airworthiness directives, recalls, inspections)",Boeing (Direct),"Renton, WA, US",2.5
Boeing revenue climbs with more aircraft deliveries,marketplace.org,2026-01-28 08:00:00,Boeing revenue climbs with more aircraft deliveries  marketplace.org,https://news.google.com/rss/articles/CBMinAFBVV95cUxNdVRpV1hHOFFLYWlkNG8xSXJIdkZZeEk3bE9XU0xOakNfcWx0SnZOcmZqSEdmdU43Nnl2Q0locGdhN0g1R1lZc3U4Q0hFZVBiLW1OUVhNb3Bjd081WWdXQjNIUm1zTXVlQ04xb1cxM3BxeTRkd1VYdFFVQTRIdWVGUW81aHFGZnJQOEZ3cVhmTm14ajV6a1lSbUZKQ2E?oc=5,United Kingdom (EN),CS,"Cyber & IT Security (Ransomware attacks, IT/system outages, data breaches at key suppliers)",Boeing (Direct),"Renton, WA, US",2.5
Boeing Reports Q4 Deliveries as New Orders Add to Backlog,AVweb,2026-01-13 08:00:00,Boeing Reports Q4 Deliveries as New Orders Add to Backlog  AVweb,https://news.google.com/rss/articles/CBMifEFVX3lxTFBjN2x6VVJWYVV4SkdhejdWNGlJVFk2YzFTWmd1ZktIclBBUXlpdWNUUGRkZm5Jei1nX1ExNFVhQWVNM0E3TXplNFpVaGJyNWMyOFNac3cwVEV4cjRQdlhwNjhoMGVzY0tZSjR6SUotRHpZS3lBWUxwUUJMeHk?oc=5,United Kingdom (EN),LT,"Logistics & Transportation (Rail delays, port congestion, shipping/air cargo capacity bottlenecks)",Boeing (Direct),"Renton, WA, US",2.5
Safer Flights? Boeing Files Patent For Aircraft Tail Strike Prevention System,Simple Flying,2026-01-28 08:00:00,Safer Flights? Boeing Files Patent For Aircraft Tail Strike Prevention System  Simple Flying,https://news.google.com/rss/articles/CBMie0FVX3lxTE8xZ3JpNXZoRmppdGRmYjkyZjJQTVh6czE2bGRmLWEwdFhYRFFfVDNlbmhzbjJIR0xReHpHc1cxVmZPTHlLNkhaWDBTSkxHdEptSkliV0o0bjV1SHFfN1ZSZjhjNnE3MU94V1NCSFROZXdfazhwVDRzbmZ0cw?oc=5,United Kingdom (EN),LW,"Labor & Workforce (Strikes, union disputes, labor shortages, layoffs, negotiations)",Boeing (Direct),"Renton, WA, US",5.0
NTSB report reveals Boeing knew of fatal defect in UPS plane that killed 14 in Louisville,World Socialist Web Site,2026-01-17 08:00:00,NTSB report reveals Boeing knew of fatal defect in UPS plane that killed 14 in Louisville  World Socialist Web Site,https://news.google.com/rss/articles/CBMiaEFVX3lxTE80UlRSczZqX1YweEJlanBVS3NGMXM0elFndHVyWHpLMEs0S2FMQ0VIeHlVV3VHZTk2UGNpWGVnVzNKRC04OVpOWl8xSTA3NjFIeFJkS0J3ZXMzTGpJakhsWUwxRnFSTVVD?oc=5,United Kingdom (EN),QS,"Quality & Safety (Supplier defects, quality escapes, airworthiness directives, recalls, inspections)",Boeing (Direct),"Renton, WA, US",5.0
New cybersecurity rules for US defense industry create barrier for some small suppliers,Reuters,2026-02-21 08:00:00,New cybersecurity rules for US defense industry create barrier for some small suppliers  Reuters,https://news.google.com/rss/articles/CBMi0gFBVV95cUxNT2pkNDRGMWRQWmx5Z3ZfX01BRzZkdE9tNDRjSXpyX3hsTTlqV2FjMEZvVzAyN1A5eHFtQl9HRm56QkpVeTVobGFGY2JJa3FwWWl0Wm84dFNvRVlkR2xrY2l4OXAtMUo5cmVSZmNPS0FkTndSRGVMYjdiTnMwZzhoZ3FhOVNwVVJaTms2WXFqUERycktYXzNPNVdtanNmX1NOY1hZamUta2UxT2wxN3FTbFZPN2l5Mjk0SzVzNFZOanBJOWxTZ1FLbXNzeUxWczBEMFE?oc=5,United Kingdom (EN),CS,"Cyber & IT Security (Ransomware attacks, IT/system outages, data breaches at key suppliers)",Undetermined Supplier,"Toulouse, FR",2.5
Boeing's airplane deliveries are the highest in 7 years. Now it's about to pick up the pace,CNBC,2026-01-11 08:00:00,Boeing's airplane deliveries are the highest in 7 years. Now it's about to pick up the pace  CNBC,https://news.google.com/rss/articles/CBMiggFBVV95cUxOWWJPZHpRVHVCTWNpZms2UzV6UTFzYUxtSjZXcjAxZTlpNm5KTEx2TkNrTWMtZ0V3cXE1enVnLTFCYUhPQUh3Tk5ORklBRnFqVV9UZVlWbldBWGtRdF9FSDJjZzBVZ2pNamcweEUza19EdG5mQ0VGSzNCMzVDbXRvSlpR0gGHAUFVX3lxTE5mSlM5RU5jR2diTWNDQzZTRXk5OXBhTDlSMkxQYXp2WHhxVWQxYllxVXYtM0hWTDgtRm5ONTNHa0owUVBHcFNoVk1pZVVfVWFLSDVubW1oMjNFSXQ0QWV6dzZaUV9POVJXT0ZxQTR5TXkxemJQRmhtUnlJMlcxZW91eDlhN3djcw?oc=5,United Kingdom (EN),CS,"Cyber & IT Security (Ransomware attacks, IT/system outages, data breaches at key suppliers)",Boeing (Direct),"Renton, WA, US",2.5
Boeing (BA) Valuation Check After New Vietnam Aircraft Orders And Growing Backlog,Yahoo Finance,2026-03-30 07:00:00,Boeing (BA) Valuation Check After New Vietnam Aircraft Orders And Growing Backlog  Yahoo Finance,https://news.google.com/rss/articles/CBMinwFBVV95cUxNdHZoZ3c3c0FhX3JvVFBFeDJFaVZadERpS3lYU29iYlE2MWxzYlBod19qbm5jdHg4V1k3MGhvZUpWWjVTTlprQ28xZXFOOEJKZzJZOTRLT19MYWJWX19fal9wSjcxWFduSVhtdDBaSUtSSGo5SjFSTktZcjBmTklSWDRtdThZX3RyV3lFMzk5MndZRnV5ZFRFX3FhOUZqUDg?oc=5,United Kingdom (EN),FC,"Financial & Corporate (Supplier bankruptcy, distress, mergers & acquisitions, re-verticalization)",Boeing (Direct),"Renton, WA, US",2.5
You'll Never Believe What Caused This Ryanair 737 MAX In-Flight Engine Shutdown,Simple Flying,2025-12-20 08:00:00,You'll Never Believe What Caused This Ryanair 737 MAX In-Flight Engine Shutdown  Simple Flying,https://news.google.com/rss/articles/CBMikAFBVV95cUxPRk9wTHZnWHBSZW1ZNGNCRHBZb0FOX1F3eTJXWUxkTFhpblNRTS0tc2FyeVNZMkVDLUltZGJyeno1R1JxajctVWxrQkE4QzZCNmRoblYzX2VsVF9jTnVoamZpUDZOMHFOS1BBY2J3dWtfRnN4eU9VNXVoeG01djk4UE1MbEgyU1AwLTlkV1poNm4?oc=5,United Kingdom (EN),MP,"Manufacturing & Production (Autoclave downtime, kiln shutdowns, factory floor capacity constraints)",Undetermined Supplier,"Toulouse, FR",7.0
Air India says fuel switch ‘defect’ grounded Boeing 787 jet,Free Malaysia Today,2026-02-03 08:00:00,Air India says fuel switch ‘defect’ grounded Boeing 787 jet  Free Malaysia Today,https://news.google.com/rss/articles/CBMitwFBVV95cUxQSUF4eVhVTTBNUXpsbWhUSHZLbVIwQjNCOVF1NGdVZnFZdWx2MUN6TTVSSFNtcXhIbktiY2trRy1GS19jbU5iYmFybDh6TWg1OFE2MTk4R0ZyUzk1dHdsN0tjY0VhUzhDNVJMNE5iSnFIdXMyZnB4bHJHeGZjUFk5OTk0bkRxVzQyU2lBdzNaZG83ZW9fWUkwWVpBUEZvN1Y2YUxwZUpIWlllRkRXZ1BoZzlrWDIwNUE?oc=5,United Kingdom (EN),QS,"Quality & Safety (Supplier defects, quality escapes, airworthiness directives, recalls, inspections)",Boeing (Direct),"Renton, WA, US",7.0
"Air India pilot reports fuel switch defect in Boeing 787, aircraft grounded",BusinessLine,2026-02-02 08:00:00,"Air India pilot reports fuel switch defect in Boeing 787, aircraft grounded  BusinessLine",https://news.google.com/rss/articles/CBMi4wFBVV95cUxOQXZhZkxOTzl6dVNOcjNQckgzZ01uN2FBUnoxck9lVmpPNHlrOEVUOHZod3liTFJGZnIzYzh2S1lMNDNLbnV1SGx0UWhmNjdLZVZDaDE4Z1ZWdEMzTHZHRTU0TmRVM0FydC1kSVM4TEs2cG13aVFEMHF5MjlON25sMUEySlVEN21HanNhZG9Wa0tiSlBHcTlkOFR2ZGFzdTE4X0k5OWNGSXlzeExVbkM1QkNISXE0QS1hSmY0dHZKblRJSW9IMVJOVXpDbGVxaE9IN0ZnU2pEUzZxUmEtZ3NQZGUwc9IB6gFBVV95cUxPS0lwb1hoZVEwcFk2VHByaTlTaEg3Y0l1SHBEbGtjUnNTSVhxWHVEdkh5ZC1YUWtDSnZlVWpDYndrU0NMN3RSTDRrMGVZNmstN1FnTHh1THF5NDZYMDE5R2lWV003M1kwektmZlpjTnlCUGJJSFRLVWFfM0dzN2dKNmEtdWNaVmZtbXp3OUVvek9NMXVQNkN3QnQ1R21zZVZXTHFBZkpDQldieTdCQkJiNEt0MXNlVkFDN3pIYzE5Wlhxd2tVcVlmNmpZNXd2V0ZvZXNDeml2M1BVODdhTkpFN3NNWVRvWTVlVkE?oc=5,United Kingdom (EN),QS,"Quality & Safety (Supplier defects, quality escapes, airworthiness directives, recalls, inspections)",Boeing (Direct),"Renton, WA, US",7.0
"Boeing knew of defect tied to fatal UPS plane crash in Louisville, NTSB finds",WDRB,2026-01-15 10:28:03,"Boeing knew of defect tied to fatal UPS plane crash in Louisville, NTSB finds  WDRB",https://news.google.com/rss/articles/CBMi5wFBVV95cUxPQzdMSGswZFloNHNNMDB0RjBTVktYU0ZFVjFQSVNmUl9XckFmQmx1Sm4zYU1XSnFYS01PRjkxQWJMZzdSUEhmZ04zM0ZoQWhBQ0E5VjlzT1ctR2hsNFlEajd6bV9pUUFMZmVzck44QUN1QzBaaHFNQ01BUlNlVWdkQWt6NXEzdGJXekd1cmlwZl9SbDNJVExkU1BmN0F6ZGVSTjF6bG1xVE9STEJsNGRNWUppdFhQczFUU3ZxYm16a1pKbjNyTnZmU3dRUEVJRHVyVVVkTVZxSjB6RUx6Vi00QUd4T1Uxa0k?oc=5,United Kingdom (EN),QS,"Quality & Safety (Supplier defects, quality escapes, airworthiness directives, recalls, inspections)",Boeing (Direct),"Renton, WA, US",5.0
Boeing: Supply Chain Challenges Plague 777X Delivery,Supply Chain Digital,2025-10-30 07:00:00,Boeing: Supply Chain Challenges Plague 777X Delivery  Supply Chain Digital,https://news.google.com/rss/articles/CBMie0FVX3lxTE9hMnJCcmQyUlozNmdndXhMVU40RFUwSjQ3LUc0bFEzVC1MRW5qVHdaaUVrRmlUZ0NxZG4xMWNpOHFwMk9fQ3NkTnVpd3poNWU5VHdaMU9nTUw4WnpfTlBjMjZPdkNvMVRIUEluZ1hldmVkajgzUzllZzRDWQ?oc=5,United Kingdom (EN),LT,"Logistics & Transportation (Rail delays, port congestion, shipping/air cargo capacity bottlenecks)",Boeing (Direct),"Renton, WA, US",2.5
Sun Country Airlines Boeing 737-800 Damaged After Tail Strike In Milwaukee,Simple Flying,2025-12-31 08:00:00,Sun Country Airlines Boeing 737-800 Damaged After Tail Strike In Milwaukee  Simple Flying,https://news.google.com/rss/articles/CBMilgFBVV95cUxNaVBmajNEOFlBWjZ4MGZrRC1saEFub0lPTE1xdTRnVFk1eVE4amNLd19Sb3RxNDlNM3dabkFVZERhUE13cHZUbkw4cWw0TFUwQmZUS29TcDYwa3AzT0Y5elp3VVpLVmRPUy1LYWMtWGk4bVUwOEpjbFdIamVzTEp4a0J1SkswNmJPcmRlUm02RHVzWllsWHc?oc=5,United Kingdom (EN),LW,"Labor & Workforce (Strikes, union disputes, labor shortages, layoffs, negotiations)",Boeing (Direct),"Renton, WA, US",5.0
Trump's new Air Force One jet from Boeing is delayed again,CNBC,2025-12-12 08:00:00,Trump's new Air Force One jet from Boeing is delayed again  CNBC,https://news.google.com/rss/articles/CBMinwFBVV95cUxOMXFSRDluYzRUQy0wbHhrU0QtS3ZfMnZxMzlNeUpqMUs2Y0wyYm5DYkplMWFCRTNOY3FLdy1ueWthYklra1BtNy1jM2xXQVpqUTJ1Q3hvY01YMW9GS0M4ZzlUaFBVUmhkWmVPc0JKYkRrblNRTUI4OWZhZmFJWUtFd0V0aU5aR3pocHU1M0ppQ0x5VUpQYmdsc3lQbEZpa0nSAaQBQVVfeXFMTnZiS0Vta0g0aUpIanRkMEhmYWdCZWZDMnFTLUR4dG42UmM4ZGhRTU5kYUkzVzltTFl6bXVKQ2pzNC1DV01LN21CTkFKbkFidjExUDV5emwzRlg5VVVDSDZaN3dvemlyTl9KdXdlRG9sZGI2Z3lQbHlVZ2J2ckN1VUMzdDluU0dkcF9rMmNwRmVEN3pmUVNOblVSdTEtclAxdEYtQ1E?oc=5,United Kingdom (EN),LT,"Logistics & Transportation (Rail delays, port congestion, shipping/air cargo capacity bottlenecks)",Boeing (Direct),"Renton, WA, US",5.0
Boeing defence workers go on strike in new blow to aviation giant,BBC,2025-08-04 07:00:00,Boeing defence workers go on strike in new blow to aviation giant  BBC,https://news.google.com/rss/articles/CBMiXEFVX3lxTFAwdUdsOFRUN2RpS2JsNGhBdUJOc2xYcjE0NXlwTWU2NmEwWmE2OEgxVzFNU0dCdmFLV09BM3k1R1ktS2pLSHRkSG9PaTFEX1dRVmgwMkxPbmdGQ01h?oc=5,United Kingdom (EN),LW,"Labor & Workforce (Strikes, union disputes, labor shortages, layoffs, negotiations)",Boeing (Direct),"Renton, WA, US",5.0
Boeing hit by $5bn in penalties as new jet delayed,BBC,2025-10-29 07:00:00,Boeing hit by $5bn in penalties as new jet delayed  BBC,https://news.google.com/rss/articles/CBMiWkFVX3lxTE9fUFZNNy1mTmgxZEpLNkRfQU1tcEcxbENaZ3VkNzZNaEhNY1dUVUY1VDZGbVlOR3JnS0JNWGhsd2xCb0psY0I4OFpfNV9Kc3BsOEhvQlREczIxZw?oc=5,United Kingdom (EN),LT,"Logistics & Transportation (Rail delays, port congestion, shipping/air cargo capacity bottlenecks)",Boeing (Direct),"Renton, WA, US",5.0
Boeing takes near $5bn hit due to delays in delivering first 777X jets,The Guardian,2025-10-29 07:00:00,Boeing takes near $5bn hit due to delays in delivering first 777X jets  The Guardian,https://news.google.com/rss/articles/CBMifEFVX3lxTFA5NjVDOXFyYUpPQl84RGplSDlrWVpFdWZlSldpTmdCYlY0R1V0VGpNWjdVME5VUlpQZDV6aHJzY045WDdkUG1WaXpCWWdMVHZIVFJIcWo3M082YlJwWnBzem9kRzNVU0JKeGduNzdUdFQ5WG1jallCbzM5YUc?oc=5,United Kingdom (EN),LT,"Logistics & Transportation (Rail delays, port congestion, shipping/air cargo capacity bottlenecks)",Boeing (Direct),"Renton, WA, US",5.0
GE Aerospace workers strike in Cincinnati and Kentucky over contract dispute,USA Today,2025-09-04 07:00:00,GE Aerospace workers strike in Cincinnati and Kentucky over contract dispute  USA Today,https://news.google.com/rss/articles/CBMipAFBVV95cUxPMXVCN1BWTW1xZ2JkcUtqUFFiU1Y2Q0IxaFhEM0ZPTXpreXJ0MklKT2NpRFUyaWZXYTFVRjB6NlNCaGhLU3RMUmtraDNDZVFFR3NaNklqUlpoNkI0ZTNsWXg2ZE1UcFotV2ZsZnVPc3pSZlRidzFlNzRDRHE4WGJzTlczbTdvRHdJR0lKUGFyYmFOSEtBSE9md2FnbHgzWmhxaTNYZQ?oc=5,United Kingdom (EN),LW,"Labor & Workforce (Strikes, union disputes, labor shortages, layoffs, negotiations)",GE Aerospace,"Evendale, OH, US",5.0
Strike by DHL Services workers set to commence at Spirit Aerosystems next Monday,Unite the Union,2022-08-10 07:00:00,Strike by DHL Services workers set to commence at Spirit Aerosystems next Monday  Unite the Union,https://news.google.com/rss/articles/CBMi1gFBVV95cUxPenR5MDdRMjZaZTVJOXBFR2dHU2J0OW5vRmpnMDFZYkZqRXdMRVMxMmE1RDN5QWxqRXlsQWFIc2MxZ1dXcUlzRV90X0puSFhPbnpBTzJ3YnlzYm9jY1FHVENEWmtJR0NWQmdRT0pHWW51Q1RqTWtYbWtBZzh6eDhaR05aQ19TRGczbW9RcXNhSF83WmVnd1hyNmo5S1VpRTJqTzgySDdiOG1LcUtJQml0UUpFZmNlQ2NwVkNCajRZRmNCVUw2NDY0OTh4ZzR1dmltVzQ4Ymln?oc=5,United Kingdom (EN),LW,"Labor & Workforce (Strikes, union disputes, labor shortages, layoffs, negotiations)",Spirit AeroSystems,"Wichita, KS, US",5.0
UAW strike at GE Aerospace could end this week,WVXU,2025-09-14 07:00:00,UAW strike at GE Aerospace could end this week  WVXU,https://news.google.com/rss/articles/CBMifkFVX3lxTE1wb21xaEM0SkptVXYtbDBiSEJxWjJ1VUZiaW9FbkZfN21EbmdQTTV2UUpIQktneDZoaUR5SFVQUk1mNFVBZ1h4SHIyZDNfMnpfcWVoMXpGUmlGaldzd1JXa1RrX1N0RmFfaWpuNWtURzAwUzFFYlROUGg2ZVFldw?oc=5,United Kingdom (EN),LW,"Labor & Workforce (Strikes, union disputes, labor shortages, layoffs, negotiations)",GE Aerospace,"Evendale, OH, US",5.0
Call for DHL supply chain workforce at Spirit Aerosystems in Northern Ireland to vote ‘Yes’ for industrial action over threatened real terms pay cut,Unite the Union,2022-07-21 07:00:00,Call for DHL supply chain workforce at Spirit Aerosystems in Northern Ireland to vote ‘Yes’ for industrial action over threatened real terms pay cut  Unite the Union,https://news.google.com/rss/articles/CBMiqwJBVV95cUxOVU9FV2hWTjdZVHdLS3VQWGs2SnhESUp1WjFydFBlTlZQR2g0aUdfMnZWQmZKdUVIb082ZlJzaGcwVmc4NUpld0tVTVU1bmhTNWFuQ190Q2tzRDhzWWl6RVFIRTQxeGFFeWYwUlRVZUNBS0tBSTUycnFubGNNS2FSdEVUR2hVaWFtczc1dmZSV09FX0dUcjB1RjhxbVdnR3FKZDY4MnluaURha09kQV9vb05SejhlRzNZTVhneWVfU0g3NllmTVNCUGZuOERrNXIyUmVPVHdVMzI3bE82cVBHM01Tc09Nby1WY1d6UXprbEp4d3VwUUFCeHZSRmdwdVNhQy1DaFZuYVNNYWo4dm5GVnJ5RzFIcUgzX1BpbUNqaFJQdWo2LWp4dGFjQQ?oc=5,United Kingdom (EN),LW,"Labor & Workforce (Strikes, union disputes, labor shortages, layoffs, negotiations)",Spirit AeroSystems,"Wichita, KS, US",2.5
Spirit AeroSystems expresses “substantial doubt” about company’s future,Aerospace Global News,2024-11-07 09:22:38,Spirit AeroSystems expresses “substantial doubt” about company’s future  Aerospace Global News,https://news.google.com/rss/articles/CBMiqgFBVV95cUxNUkY4RWtrbTZhQzJXQnNCNklIQUdQeXE0QkJlSDRrZ3ZfcENERFd3UHh3Wk0za255WnhmQzU5Zl9ydHZJZzVlbVo2RkRNU0FhT1FYSldPZzhfYmt3TWdablhqTVlyZ25jNTlybjIwWTBLanJtem5HajY2b2M3aktQVjlrRXJ2dDhzNVN6OWZKaHFQRFZ6M2J5TU1oX0laMlVUQmJBSlZob3NUQQ?oc=5,United Kingdom (EN),CS,"Cyber & IT Security (Ransomware attacks, IT/system outages, data breaches at key suppliers)",Spirit AeroSystems,"Wichita, KS, US",2.5
GE Aerospace: Aviation Supply Challenges Will Continue In 2025,Simple Flying,2024-06-22 07:00:00,GE Aerospace: Aviation Supply Challenges Will Continue In 2025  Simple Flying,https://news.google.com/rss/articles/CBMibkFVX3lxTE1sYXlta3JQX0hSVTZKYV9QREl5eW1KdUs3ZkwwdWtGTnp2UmpTNmhkdkttcms2X3VDRUI0VlNES3ZiRXVhYWp0S1IzaGVZalU1VjJjZjdDT3F2QjVaWlA0dGs5bldHcUV5Mko2cHN3?oc=5,United Kingdom (EN),MP,"Manufacturing & Production (Autoclave downtime, kiln shutdowns, factory floor capacity constraints)",GE Aerospace,"Evendale, OH, US",2.5
Digital Disruption: The Global 7500 Showstopper and GE's Digital Connectivity,GE Aerospace,2019-10-23 07:00:00,Digital Disruption: The Global 7500 Showstopper and GE's Digital Connectivity  GE Aerospace,https://news.google.com/rss/articles/CBMizAFBVV95cUxNaEFpbFdzV2RnM2FKZ0lSWFpRT3VaS00zNE9rZ2licHJxT0UwYk1PRW1WYUgwVmliWkJnXzJyby1lTl9tWDk1VE9nZXRuUEotZDFZX0xSZndWRW9EMlQzUEZqVklkaENNdHkwUldfRmFqTVlaN3lUTDYxWUQ0U0N0WE1VMllZMWZZcWZHVUZCTlF2QjRXbTJwOTRlM0RNSi1KSlA1RUNvMGJ3cHd4R2t4eTdQZ2ZRY2J4MExQcmtmZWU0SFhCd2RTck12NHM?oc=5,United Kingdom (EN),CS,"Cyber & IT Security (Ransomware attacks, IT/system outages, data breaches at key suppliers)",GE Aerospace,"Evendale, OH, US",5.0
Boeing Company stock (US0970231058): Strong April orders with 135 net new bookings,AD HOC NEWS,2026-05-13 07:00:00,Boeing Company stock (US0970231058): Strong April orders with 135 net new bookings  AD HOC NEWS,https://news.google.com/rss/articles/CBMiyAFBVV95cUxOTjBGYUlhSGFXYnQtVDhsZVM1RDdvMVNLNDZvb0FDaWZ6clJOUDlWYnBLOXkxWk95ZkM2QU9MQllfSkV5RW1nbjY1c3VHY3JCQXFGdWpSTHFwQ1ZHcUJLMnNjUnVpMF84OWVraHVFVU9KclQ4V1ZMS0wtRkNLa3NpRFN2NTd3c0xtdGNtT0l3VWFQbzJjUk5ybl9JOHlLN2tiUjRjMDRnaDZUdGotdFR4Sm5KWnV3T0FqMzlLMGNja2xubzJ0ZWZzZQ?oc=5,Germany (DE),CS,"Cyber & IT Security (Ransomware attacks, IT/system outages, data breaches at key suppliers)",Boeing (Direct),"Renton, WA, US",2.5
Sun Express: Leichter Tailstrike einer Boeing 737 in Frankfurt,aeroTELEGRAPH,2026-01-06 08:00:00,Sun Express: Leichter Tailstrike einer Boeing 737 in Frankfurt  aeroTELEGRAPH,https://news.google.com/rss/articles/CBMiqgFBVV95cUxPenpSazlMVWRsX2Q5MWo0Z1kybW1qSW40V25RTDF6ek5PS013RUx0WHA4eWV3a0dYTkRyX2FIZjIyeEJtTjhkUHdESU1iSm9CYktjUVJwRWR5SW5NcTV1SURCOXQ1c0VyWGh6V1Zqb1NZYWJ3dU9nWnFNZThCZl9SX0RGN25aR1NIemE1Q1ZacTZ4YVg5WVZFb2pmV2piY0tJSy1mWXVrM3Jmdw?oc=5,Germany (DE),LW,"Labor & Workforce (Strikes, union disputes, labor shortages, layoffs, negotiations)",Boeing (Direct),"Renton, WA, US",5.0
"Airbus ""träge"", Boeing ""beeindruckend"": Machtkampf der Flugzeugbauer",Business Insider Deutschland,2026-01-13 08:00:00,"Airbus ""träge"", Boeing ""beeindruckend"": Machtkampf der Flugzeugbauer  Business Insider Deutschland",https://news.google.com/rss/articles/CBMiqgFBVV95cUxPZklvMXR1dUZNQTZVeDJfVDlIVk9vblJDc3ZEY01Pb29JRllNN3JUVjEwVVhaNkUybUwxcTJ4V1RRd1cxeEtTMEFWTHJlTTlBWmpZMDljMkRXXzV4T1RBeXlxdkxRR25aSnNXcEtVMlJZeEg4bFRxRUlGYUM1VUl5QS1RMGZaYnhYTGJOUU1tODJxQy02VDlUbmJHREVlYTgtM19uR3UwQTJMUQ?oc=5,Germany (DE),MP,"Manufacturing & Production (Autoclave downtime, kiln shutdowns, factory floor capacity constraints)",Boeing (Direct),"Renton, WA, US",2.5
Boeing Stock: FAA Clears Path for 737 MAX Production Ramp-Up,AD HOC NEWS,2026-04-30 07:00:00,Boeing Stock: FAA Clears Path for 737 MAX Production Ramp-Up  AD HOC NEWS,https://news.google.com/rss/articles/CBMiugFBVV95cUxPekpId0U1MjRleVpkNTNodmtwQkZnNFBvaXczRGRyQmJUWnNsVUR4NUVCaGxXdDFuR0R0YlB1a2prRjlYNnRWY2JyYm0tVDJHN0JvVjVmQXVRX190bTJvdXN6LVRBalBMWTM0U0RYQnZpUndoc29oamRaNzdkUFN1bVpHOF9fdVBMMk5PVmhkRHMyNmQ1ckVkVmVHenpXOC1DSTdSSGFYZ2ZaNFdZb04tNk1jem0xUWs4MGc?oc=5,Germany (DE),QS,"Quality & Safety (Supplier defects, quality escapes, airworthiness directives, recalls, inspections)",Boeing (Direct),"Renton, WA, US",2.5
Boeing 787: Boeing-Lieferungen an Lufthansa verzögern sich durch US-Shutdown,WirtschaftsWoche,2025-10-21 07:00:00,Boeing 787: Boeing-Lieferungen an Lufthansa verzögern sich durch US-Shutdown  WirtschaftsWoche,https://news.google.com/rss/articles/CBMi0wFBVV95cUxQOEcwOGRLOF9hd01ab3RvS05KOWFpZXQyc2h6T1dqWGxnMGNHcjB1T25oMlIxdnZxajRfdkZPeDdfdDAwbmo2MVg2VzVJY0g4ZEFpSE56Ry14VFRIRUp4UEVJWm1zdm9yeWV2YzNDNG1YeWw0eUtfcHloVUxwZ1JUTFB2WU1sOW5BTXFiZjhPdWhDb1ktcVU3bm8wOUFTWm9yV2RKbXBMYXdFNHczOHZhOXJkNlh1MWdDWVE0VFNDdlpPYndtc0hELU40SVZtOVZDOXBZ?oc=5,Germany (DE),MP,"Manufacturing & Production (Autoclave downtime, kiln shutdowns, factory floor capacity constraints)",Boeing (Direct),"Renton, WA, US",7.0
Boeing Shares: A Recovery Built on Solid Fundamentals,AD HOC NEWS,2026-04-07 07:00:00,Boeing Shares: A Recovery Built on Solid Fundamentals  AD HOC NEWS,https://news.google.com/rss/articles/CBMisAFBVV95cUxOSlVYRWdVTW8yRVpTUWJZeG5JdjgtV2VETE5VUzhqWjJRVGVSdUphd3JUNC1mMjFOSDlBalM5RHBNOWw3NHRsNjhFS291VmU3SVJTbDVDU2JDajNtT0RpNDdLWjVmMnJSWUF3STN2NnVaTUZxLU9QYUlxQzhhSTRXNjNmeXNOOVJfZEtrR0RrUXJtaUI2Z0lBMW5jWlM1WmdZUGp1a0VSdXB4Z0FJM1JHMw?oc=5,Germany (DE),MP,"Manufacturing & Production (Autoclave downtime, kiln shutdowns, factory floor capacity constraints)",Boeing (Direct),"Renton, WA, US",2.5
Boeing räumt weitere Verzögerung beim Großraumjet 777-9 ein,Spiegel,2025-09-12 07:00:00,Boeing räumt weitere Verzögerung beim Großraumjet 777-9 ein  Spiegel,https://news.google.com/rss/articles/CBMi0AFBVV95cUxNUDlhTWpFLUtIaFFKMzVDNE13UGVtQmE0Q3o1Nm80cU9PNnd6Nko4U1pQTG1zUndRLWlfQzVSVVFkcXdRM3dGaHNXUWFmMnE2V2ZhelZPTzd3NXluY2NodFltMkVXTHc5cWEyUkhWU2c3dWM4SnhsUUlWRzBuSEp4LTdXME1GS2NFODgzUU9Eb3JoZTRRQ1JsUHpwYmszZm10cl9FTlN3QkdmT2JSd21KeWRpOFltcmF1U2hKWUVTdWRNZ2xZaXpkN3hpUjdYRjVX?oc=5,Germany (DE),CS,"Cyber & IT Security (Ransomware attacks, IT/system outages, data breaches at key suppliers)",Boeing (Direct),"Renton, WA, US",2.5
Boeing erwartet neue Verspätung bei 777-9 - Wirtschaft - SZ.de,SZ.de,2025-09-12 07:00:00,Boeing erwartet neue Verspätung bei 777-9 - Wirtschaft - SZ.de  SZ.de,https://news.google.com/rss/articles/CBMijAFBVV95cUxPQ21uekFUN19sN1VScFM3SHBGOGo2OXlOZlpYTXJ6c1pWRVBTT3VIM3NJZV9qeFB2MHcxMnEyaDkwNDdtMEZGY1dlMEZSX0t6c24zS3hqX25WTzIyOS1fT2h3dVBwM3hHVGFSSlRvNTlQMnlzaTZ0dlJVZlVCbE10c2cyOEJJTTU2UHFnSw?oc=5,Germany (DE),GT,"Geopolitical & Trade (Export restrictions, sanctions, tariffs, trade war/conflicts)",Boeing (Direct),"Renton, WA, US",2.5
"Abschied vom Abschied: Lufthansa A340-600 fliegt doch noch im Sommer 2026, dank US Shutdown",Frankfurtflyer.de,2025-11-03 08:00:00,"Abschied vom Abschied: Lufthansa A340-600 fliegt doch noch im Sommer 2026, dank US Shutdown  Frankfurtflyer.de",https://news.google.com/rss/articles/CBMitwFBVV95cUxQeDBzN3U3V2ZNMUNlbXdJSk9aSmVIS3Y3aWhOMG16V24xaTZkR3BEVTIyME51SmY2c0duNDc5aUVIM3dVMFNyQWdXQ05CVFZ5RVBJelBDQlJHaDRlOGZFQlBFV0hOWk4zX1AzZzUtZlNSYTVTaWJHYXpUY0hnbkN5NWhZMndIbzAyeGNFUFBhUVVVWllPeVIzeEhOZUNtNlU2OWoxQ2FHaE5HZWY5aVo1bEN2YmQweHc?oc=5,Germany (DE),MP,"Manufacturing & Production (Autoclave downtime, kiln shutdowns, factory floor capacity constraints)",Undetermined Supplier,"Toulouse, FR",7.0
Boeing: Stärkstes Februar-Ergebnis seit 2017 bei den Auslieferungen,Cockpit.aero,2026-03-11 07:00:00,Boeing: Stärkstes Februar-Ergebnis seit 2017 bei den Auslieferungen  Cockpit.aero,https://news.google.com/rss/articles/CBMiugFBVV95cUxPQ1RhbkFDdnA5NGZYUWNyOV9IdUE0emxMTlN2UjFiY3hlMTU4S1ZMbnkxXy1WbU5hbDJaaWQwQlNlaEFyRWRycnJXLThkdHZETnpQME51QU4zWGNRb2JMRHpyWDFXUWJEc0dfRzJWb3lNT2JmMEZONzhSYmlaQW16azFQcnBPa0dacEtTU1hibUZFanhMenNxWWJSNXhZQ1F5U3VYNWN4TmVlVEtHRUFJOFZBQ2U3OEpwM3c?oc=5,Germany (DE),CS,"Cyber & IT Security (Ransomware attacks, IT/system outages, data breaches at key suppliers)",Boeing (Direct),"Renton, WA, US",2.5
Trifft der Shutdown in den USA Lufthansas Boeing 787 mit Allegris?,aeroTELEGRAPH,2025-10-14 07:00:00,Trifft der Shutdown in den USA Lufthansas Boeing 787 mit Allegris?  aeroTELEGRAPH,https://news.google.com/rss/articles/CBMiswFBVV95cUxQVmY4VzVscEs5dkxkdkhQNmFSU250US1obmJGMmhnTVp6aDNQRWxObmUxaEFzbF9Ga25TWGNNU1FxakROcGdDbzJYRF8xeTdrOXJSb1ZBVUJqR19obC0yNUdYLXFIaGZheEtYaEJQNHJjdWcxdngxTWNVWjY0ZnhIZ0FZQ1hMd3NYYUNJVi0xZ2xKT1pBY3pBV3QwS2JxZm1jaGpnU1dyeHNOMlBBaW1nSmxTTQ?oc=5,Germany (DE),CS,"Cyber & IT Security (Ransomware attacks, IT/system outages, data breaches at key suppliers)",Boeing (Direct),"Renton, WA, US",7.0
"Boeing’s Certification Hurdle: A Self-Inflicted Delay, Says Regulator",AD HOC NEWS,2026-01-22 08:00:00,"Boeing’s Certification Hurdle: A Self-Inflicted Delay, Says Regulator  AD HOC NEWS",https://news.google.com/rss/articles/CBMivgFBVV95cUxQeFRITXRYR2xNcjRnUkdCeml2ODhRak45SzVraENqUVM1VVQtcWdlX1RlNjAyclJISWwydW9wa1g3cHpKQWlhNVRCOHM5SXpxNl83ZHlGYWJnbXZsNnZsbkVvclpzNS1xbEZfNDRNVEQ3OVhjZTRDOVg3Tk8wOGpxQ1RQYXFDNndpdXdFb19kcHNiWldBOEdKZmJicGVRam94Ulk2NEF2NTQ2eEhXRzJRQXVFN0VOeXZYQzdXLXFn?oc=5,Germany (DE),LT,"Logistics & Transportation (Rail delays, port congestion, shipping/air cargo capacity bottlenecks)",Boeing (Direct),"Renton, WA, US",5.0
Iran zerstört E-3C Sentry,Fliegerweb,2026-04-01 07:00:00,Iran zerstört E-3C Sentry  Fliegerweb,https://news.google.com/rss/articles/CBMiggFBVV95cUxOZkszejBOWnJyemN0cDJMRmgzOGFBNWpHWm4xRGRTaXM1UmRpUVdCZzJSYVp1Z01hTFhHQ2pIaDJFcnJfVjNwTWRuMnZvOEpXTDR0ZjFhd2c5MlZ2LXRnQ3hYbDYxSlhVbGFscTFQU2xtTjJ6U1JKMy0xUF83LXZBWjVB?oc=5,Germany (DE),MP,"Manufacturing & Production (Autoclave downtime, kiln shutdowns, factory floor capacity constraints)",Undetermined Supplier,"Toulouse, FR",2.5
Verzögerungen bei der 777X: Boeing erwartet Erstauslieferung erst 2027,meilenoptimieren,2025-11-01 07:00:00,Verzögerungen bei der 777X: Boeing erwartet Erstauslieferung erst 2027  meilenoptimieren,https://news.google.com/rss/articles/CBMiZ0FVX3lxTE5jWlFCQmRRSnBHdVBIOEtsZkdaakcwOEtKOXFoX1RaYUFCZUxFTjlLR1JEUXhSQXg3eEcxYzZHblhDMEVMUnlPakdQV05Wd3VhZ0FwOHM2VzM3a1VTRURQS1ctV2dUSU0?oc=5,Germany (DE),GT,"Geopolitical & Trade (Export restrictions, sanctions, tariffs, trade war/conflicts)",Boeing (Direct),"Renton, WA, US",2.5
Piloten von Turkish Airlines schon wieder in Tailstrike-Vorfall verwickelt,Austrian Wings,2025-07-04 07:00:00,Piloten von Turkish Airlines schon wieder in Tailstrike-Vorfall verwickelt  Austrian Wings,https://news.google.com/rss/articles/CBMijwFBVV95cUxQTVVXb0dsdXp6d19uQzRXUzlSaGM0Rnk0QmluOW04eDJYcTF2S19GNXdyVDNHTDZmTVE2T0dqWUhsS3Z5a25ZbmVVWEhoS2dZN2JIVUFVbGNVeURQcGlVLWd5bDZUUnRCMXFuYjVMdkdnSFNtNDc0dnVHRXpKQVNoVVdwaTFNY2YxdW1YVDJGSQ?oc=5,Germany (DE),LW,"Labor & Workforce (Strikes, union disputes, labor shortages, layoffs, negotiations)",Undetermined Supplier,"Toulouse, FR",5.0
Boeing Faces Heightened FAA Scrutiny Over 737 Models,AD HOC NEWS,2026-02-25 08:00:00,Boeing Faces Heightened FAA Scrutiny Over 737 Models  AD HOC NEWS,https://news.google.com/rss/articles/CBMisAFBVV95cUxPZ2FLa0RoRGRnbzZ5RzFKVXRwcDhCRW5sUmVvTUZGazBrc1lGMW1mdHdHWmRVSGhUTkVWYUhrellFRmlGUi11aGltaTJQWVhaZjlJVFBJOGxnUzJnLVhibVZET1IzSmF6Tk1vcTNMckpGcmZvMTNVVTB6aDVkOXdnMUNZTkpjMGluQW1jUkZobUZBSi1TMWlRQmFlQmRVMGktRzVuM1ROOUFJQjFRdWo2eA?oc=5,Germany (DE),QS,"Quality & Safety (Supplier defects, quality escapes, airworthiness directives, recalls, inspections)",Boeing (Direct),"Renton, WA, US",2.5
Boeing steht vor Erhöhung der 737-Max-Produktion,aeroTELEGRAPH,2025-10-06 07:00:00,Boeing steht vor Erhöhung der 737-Max-Produktion  aeroTELEGRAPH,https://news.google.com/rss/articles/CBMingFBVV95cUxNczVja3BnZlE0cHlCbFR6OXJERHNtWnROcUFXX2ZfSzkyZXNKV2Y3VWNEMmUzSjVITC12cDUtblRfRnQyTC1zQTBRZmdUVE42S0NzTmwxdlNWcG9uWkY0VkJxRE03TDQ4RHVmb19iQzdDOHh2aTJMVHRYWlZZUlp3d1QtZlVNQllJUFNjeXJFVThpWlhJZ1NaWWh4NmExQQ?oc=5,Germany (DE),MP,"Manufacturing & Production (Autoclave downtime, kiln shutdowns, factory floor capacity constraints)",Boeing (Direct),"Renton, WA, US",2.5
Boeing Secures Major Order Amid Cautious Market Sentiment,AD HOC NEWS,2026-01-08 08:00:00,Boeing Secures Major Order Amid Cautious Market Sentiment  AD HOC NEWS,https://news.google.com/rss/articles/CBMitwFBVV95cUxOdzJRS1JwTjljaWEzQXo3YllvclVRU0lSVnlUbmtJaWlNSUt6ckpPclhIV1VDLVpwMVdyWFNDVnd4cnhuTGMtS282SmNoNGNpejVWSnZFNTlJRmdEb1ZCSjU4S3pCTEpmVmFkN3cwUFpFQjB1ck5jd0tfYzFqSGFkaWxHME8tT2pMaFN6Y3V1V1FjWkVRYURwS3FGdEZJTXNNaWJGT3Bnb19Wc3M0Z3d6ZkpNbG1OSGM?oc=5,Germany (DE),MP,"Manufacturing & Production (Autoclave downtime, kiln shutdowns, factory floor capacity constraints)",Boeing (Direct),"Renton, WA, US",2.5
Boeing 777 von Latam war bei Tailstrike in Mailand viel zu langsam,aeroTELEGRAPH,2024-08-26 07:00:00,Boeing 777 von Latam war bei Tailstrike in Mailand viel zu langsam  aeroTELEGRAPH,https://news.google.com/rss/articles/CBMirwFBVV95cUxQVlQzVFU2SVBHalJTbUM3VnFDcjFEaHRPVlZqeXFqeGNES2FnVzFMU1lGYUZEWGJ6QVJGLWJCeFVQRUVaWHVUZ0E0cDZZTGpsRjJaRlhrbDhZdlZWU0M4YzY4bGFnUG1reEl0al9pOVpRYXpjWllnWVZaTjlVR3dkeFJ0N19tSTRqTEhTTDFpeVpJUmxPN1ZfdkFjVHN2RG9pbmpqRllRMVo3R1N6Tkow?oc=5,Germany (DE),LW,"Labor & Workforce (Strikes, union disputes, labor shortages, layoffs, negotiations)",Boeing (Direct),"Renton, WA, US",5.0
Boeing 777 von Latam erlebt in Mailand heftigen Tailstrike,aeroTELEGRAPH,2024-07-12 07:00:00,Boeing 777 von Latam erlebt in Mailand heftigen Tailstrike  aeroTELEGRAPH,https://news.google.com/rss/articles/CBMipgFBVV95cUxPSzhyS0MyOTBUVHJ2R2N6NFNzb2dLZGIyd1k4QXpfNkF2SXAybnFiUU5IaDJTWXhnTHVzdEx5cHNuSi1OaWVDSUNYa2xoRUdzalk5ZjU5bG42RnlNeE5zQ25DWGRYbXE0NXQtSmRadTBQQ2N6VWpPWGtyVmNQU1pEOXltY3lOVmx1U0p0MzhjRzRmdjVjcW9YSVpsQmhWM1p2b2xLTmJB?oc=5,Germany (DE),LW,"Labor & Workforce (Strikes, union disputes, labor shortages, layoffs, negotiations)",Boeing (Direct),"Renton, WA, US",5.0
Boeing 787-9 landet mit einem Jahr Delay in Frankfurt,FAZ,2022-08-30 07:00:00,Boeing 787-9 landet mit einem Jahr Delay in Frankfurt  FAZ,https://news.google.com/rss/articles/CBMiuAFBVV95cUxQblk5dk9qeFJEQTVFU1FZZVBnQ1hwNlZsM2FqNXZGRzktWTJhMDY4TllfLUtmMFNmcy1GSVlBZzFXX0lPMzVmRHc4Z0oyM0pua0xiUDBPRWEyRUtUbWNQakFoYW0xczV3dE9TMEhKMDZjZGtDYnVqaXpCb3NOSlNCX1NBYXVhWkpIY294UlZpVDREbm1XSi1hLU5FbnhIcmstSEt3aERVRG9Ob01NdmZJRzRkSGVISmhz?oc=5,Germany (DE),LT,"Logistics & Transportation (Rail delays, port congestion, shipping/air cargo capacity bottlenecks)",Boeing (Direct),"Renton, WA, US",5.0
Jumbo-Jet muss Flug nach 20 Minuten abbrechen,t-online – Köln,2026-02-10 08:00:00,Jumbo-Jet muss Flug nach 20 Minuten abbrechen  t-online – Köln,https://news.google.com/rss/articles/CBMiwwFBVV95cUxNSXBpQnN3elhYYlk1eE9vWXNacjkwUmVMQWkzQzZRTmdfZTVKSzVkU2d1ME5uNXMzeUlyUjk0ai1sWG5PMUo2blBvWjBXcERSRTVJRnB2T2dyQVRIa29NRkp1OTZNSjZHVk1QclBpdmxodjlHOUJtWXdUS05BVVR2ZkFFOC1Ia251S21tWjRuRjZacFMxZ0pWWnRPZFBHbFdCM0dKTl93RU1oQmRZbUtJTDZrMGYwMkR6TndndzBGbU1fVHc?oc=5,Germany (DE),MP,"Manufacturing & Production (Autoclave downtime, kiln shutdowns, factory floor capacity constraints)",Undetermined Supplier,"Toulouse, FR",2.5
Boeing stock (US0970231058): Defense orders and commercial recovery in focus,AD HOC NEWS,2026-05-11 07:00:00,Boeing stock (US0970231058): Defense orders and commercial recovery in focus  AD HOC NEWS,https://news.google.com/rss/articles/CBMixAFBVV95cUxNY29mTVZuUzhSYnZDQ3hWbTNEZzY4X0tnY3R1aTVrWnZoeUVjZmRUaFh2dHRyQk9YSTFXZUgydVBjY0F5NnpxMFZ4SVFHNDByd2k4TVI2Wk9BLUNMWFVuUmNwVGJQOEVoQWdNbG1TUXdlMExhY3JLSWZGZEpZeFJmeHc4dWVOeXNtV3NvRVdzT3BXY1EyMHluOHB0MUFfZ2c0U1hsN2lJclYyVHJoem5ValU5RGdBZXh4eEw4YzhVWkJMQjhr?oc=5,Germany (DE),MP,"Manufacturing & Production (Autoclave downtime, kiln shutdowns, factory floor capacity constraints)",Boeing (Direct),"Renton, WA, US",2.5
Rätselhafter US-Flugzeug-Absturz der „Fliegenden Tankstelle“: Was jetzt über den Fall KC-135 bekannt ist,Business Insider Deutschland,2026-03-13 07:00:00,Rätselhafter US-Flugzeug-Absturz der „Fliegenden Tankstelle“: Was jetzt über den Fall KC-135 bekannt ist  Business Insider Deutschland,https://news.google.com/rss/articles/CBMivAFBVV95cUxQTG5GcW5lMjBSWlhnWXdzWnc1VExSM2hDYnNRRFg4QURqY1pvRkxMQ1VfWHdCNG03cVpOVGF3NFBwZGhJcWxlNXRIdFgwRHhfR0FMTVd4TDU1Y0lmblliQTc5bHVLM21uSG1xNC1RVzFlM19IeG01c2UzcWJjd1NSMENVQWR1dGo4UnF3UTR6VDJXMU1jM3I1ZEhKVlhVeXV3NERoR0dyRVl2aUxOSlFCWHRYX0N4TGFRcldtNg?oc=5,Germany (DE),MP,"Manufacturing & Production (Autoclave downtime, kiln shutdowns, factory floor capacity constraints)",Undetermined Supplier,"Toulouse, FR",2.5
The Boeing Company stock (US0970231058): Recent share price surge amid sponsorship news,AD HOC NEWS,2026-05-11 07:00:00,The Boeing Company stock (US0970231058): Recent share price surge amid sponsorship news  AD HOC NEWS,https://news.google.com/rss/articles/CBMixAFBVV95cUxPR3BITkk1d21yRC0tVGVkYVA0bjRxSF9sMFQtYnM2QzAtTS1vU254TWdiMWJybGE2UzV5cU9ndExJdTd4cUUtQ05aeVNQX0tXUWd0YXRuNXJIM09vaV9saGEyVnZFTGZ3ZERmRDdxbmtNTVJrWDc4dHhvc2RIa0JBX1FaN1NNRGlNa1NzT1k5RjZ6UE94czRiNDBSa0ZCejhVak1nLXhHSU56WGVPNGNzQjBoYWRabnQtR1NqUnlrWkhQRXpy?oc=5,Germany (DE),LT,"Logistics & Transportation (Rail delays, port congestion, shipping/air cargo capacity bottlenecks)",Boeing (Direct),"Renton, WA, US",2.5
Schon wieder Tailstrike bei Turkish Airlines,Austrian Wings,2024-10-29 07:00:00,Schon wieder Tailstrike bei Turkish Airlines  Austrian Wings,https://news.google.com/rss/articles/CBMijgFBVV95cUxOMWxGV2MtNzh1ZDEyWG1SVU5rMFk5YjhlMFVqSTBRZjdGWGZuMzdRbFlYeHUxbHd4UDc1OVk3NFp2Y0Z4OThNNkxCREE5WjVtMHB4U2RWTHdzU1NpbzlVVWJSVVJPdjBNLU1QUTU4VWxScERjVHVZSFg2dmJ6WHphWkpVd0ppa0hZcTl1N3lB?oc=5,Germany (DE),LW,"Labor & Workforce (Strikes, union disputes, labor shortages, layoffs, negotiations)",Undetermined Supplier,"Toulouse, FR",5.0
Boeing: Israel bekommt neueste F-15-Version,Militär Aktuell,2024-08-14 07:00:00,Boeing: Israel bekommt neueste F-15-Version  Militär Aktuell,https://news.google.com/rss/articles/CBMieEFVX3lxTFBIQmg0aGt1Sk1sZTBpLVQ2VmpXY2xvZ0pEYUZOR1RaUTNCUzh6N2RHTkljRXhaaXpKMTNKekFnbV85WmluZ2hrZ0d5b3I4SUVvbmV6Z1RyODZvVW5QN19XSlFVelYzcXN4RlJVczhRUmhKVWRhdnFkUQ?oc=5,Germany (DE),CS,"Cyber & IT Security (Ransomware attacks, IT/system outages, data breaches at key suppliers)",Boeing (Direct),"Renton, WA, US",2.5
Boeing Shares Receive Bullish Endorsement from Citigroup with Significant Upside Projected,AD HOC NEWS,2025-12-13 08:00:00,Boeing Shares Receive Bullish Endorsement from Citigroup with Significant Upside Projected  AD HOC NEWS,https://news.google.com/rss/articles/CBMizAFBVV95cUxNTkFNbzg5Sl9fRnprNE5wUXI1YVBxd3QybkdQM2lLT2NPc3N4RDE0bFdiWmRFWlBhaHlhMVpFVGZhcVkzdkJEWlpub1NoZXU0RVJJaWNuUmkxSUlIbENxMmNtTmhwR2hCalBTdGwtMEQ0aThZVGdGWDk1S0s1TW5FR2FfX2QtbjB5WnE5NlJSUVFSX0lBUnhfRmdMSlBJU0poOFhLWFlOLVZxeGhJN3RkS2ZlaFdibExtd1JVZzdTX3J2ZVpyQ1BLRHhnTjQ?oc=5,Germany (DE),CS,"Cyber & IT Security (Ransomware attacks, IT/system outages, data breaches at key suppliers)",Boeing (Direct),"Renton, WA, US",2.5
Boeing Company stock (US0970231058): Recent earnings beat and valuation debate,AD HOC NEWS,2026-05-11 13:38:51,Boeing Company stock (US0970231058): Recent earnings beat and valuation debate  AD HOC NEWS,https://news.google.com/rss/articles/CBMixgFBVV95cUxQZ1p5NHpnVXJEZUVYeXNGQmV2RkhTWElYQmRvbm9FODNwbDd5MU1HcmNXWWd3aW9hSThPWDFWbldxTU9WWkpqRl9HLUlORmg1UW8tMHFCcDZxZG1UVEFlUXF5WWRfZ1hKaERVVmItVjYxcWdNUHBFWGdhazFTZGotLS1PdlliMktTQnpRdTRNa1NHSHRiTDhzMUQ0OWpPRkdpNnkwalJvSUVaSGpmRC1VelZnNTFCblFrQTJIOUFyTEVFenJDZFE?oc=5,Germany (DE),MP,"Manufacturing & Production (Autoclave downtime, kiln shutdowns, factory floor capacity constraints)",Boeing (Direct),"Renton, WA, US",2.5
Boeing stock (US0970231058): Poised for 500-jet China order,AD HOC NEWS,2026-05-12 14:23:59,Boeing stock (US0970231058): Poised for 500-jet China order  AD HOC NEWS,https://news.google.com/rss/articles/CBMitgFBVV95cUxNeDNIeWd5V1ZnVDhoTjVvbUtFbG0xZFhWdURGSENCeUxfUEVnVllOTGFjODVEbjFoekpnczlJeEZmU05ranFPT2tMOUNpYlo3dVhMOS1iT0pvTVk3d3JUc0ZpNzZUNVhDUWYwOENiNXBsRFB4VXZXZHF5Njdtal9mdmxsQVJxczdFZTM4VE9xWUlXMTlPMVpjNlB0QThTLTM0RF81aGU1TFdIdTU1TzlVWXYyejRDUQ?oc=5,Germany (DE),MP,"Manufacturing & Production (Autoclave downtime, kiln shutdowns, factory floor capacity constraints)",Boeing (Direct),"Renton, WA, US",2.5
Boeing KC-46A für weltweite Einsätze freigegeben,flug revue,2022-09-21 07:00:00,Boeing KC-46A für weltweite Einsätze freigegeben  flug revue,https://news.google.com/rss/articles/CBMipAFBVV95cUxNYWM2M0dVdmFQLW9Kdi1adDEyN0N0czBnUDNueDk1cEs2T2pzMWsxWmFjVlVNOGo2NUVXOWtPQ1AwQ0xqQWhjWDNHVXBmTmVhNXJ6WEhtbHFmbkRSY1NfQ3RrR3BOaDNKQ3R2bGJ1Sk05cWNScGJDVE92aENPQWxmLWVjd0FGMzVVblI3OXNucWViRzNaWG8yMUZzRlhvaHEyTVdZMg?oc=5,Germany (DE),CS,"Cyber & IT Security (Ransomware attacks, IT/system outages, data breaches at key suppliers)",Boeing (Direct),"Renton, WA, US",2.5
Boeing Receives Key FAA Approval for 777X Program,AD HOC NEWS,2026-03-20 07:00:00,Boeing Receives Key FAA Approval for 777X Program  AD HOC NEWS,https://news.google.com/rss/articles/CBMirAFBVV95cUxNTjRqUkFuQWFpRVJtOXpodndRMTlpX1AyZlNWd05kb1dNNHNDNFVjajFwTnBwUy14M2FsQnJWcjBXZ1BMX1pETUphTmEzWWV5X0wzQmY5dXRKcF9ERFFxdTJ3aTRxX3VHUGUwYy1UZzcycjZkRWpfSUJVUWtSLTdzY1UzVld6MGE4b3Q5bGpnME8xSjU0MHlNTEdFOHBTaXdnR1hKM3p4RVVoT3VW?oc=5,Germany (DE),QS,"Quality & Safety (Supplier defects, quality escapes, airworthiness directives, recalls, inspections)",Boeing (Direct),"Renton, WA, US",2.5
Flammen aus Triebwerk: Video zeigt dramatische Momente,Futurezone,2022-06-20 07:00:00,Flammen aus Triebwerk: Video zeigt dramatische Momente  Futurezone,https://news.google.com/rss/articles/CBMivAFBVV95cUxOaWlRZzJsSTM0blpidkFlSXdSR0RnMS1lS1lBckxDcXNYUDN4dm8yM25LR0Zrc2NSRld4aTVUTXFGbzN2a1U0cTlpdXZUR0pxd2JTQ1NlYzk1c3d3MUR1Q1hZa2g0OHZaekNfalYzVnFHSGxaT3dVYWtsNXoxYlg4eWN1X0Q0dEVRenJBVng1cEJCNlBNVS1LaFlCemJtX29uNUdxdDZnWEpFZ0t0VC00d3NwR3Yzcm1vNXFtedIBwgFBVV95cUxPQ1BmYUdXOVdQZGlaVTBFVWswZFRHU3RwYXgzOTI0UG8xYU44WDJQZFUwbEZPU3lZYlZnQVNUaDF4TVNsWEx0Q3pIaXFNWUlkT0J5NWR4MmVVYmhQajlDYXZ2dHVnbzhVN1MyVkZRU2dvWW1FMWR0bGp6MlhDRlFYLXk0SnRKUDgwaWNHOERLSlZKUGxmUWxTY3JsTTJDZk9USEFpTGw0NmZEX1pmblpWSWpPaHFjQnc3TDZQc0xMdW0tdw?oc=5,Germany (DE),MP,"Manufacturing & Production (Autoclave downtime, kiln shutdowns, factory floor capacity constraints)",Undetermined Supplier,"Toulouse, FR",2.5
Airbus verkauft zehn weitere A330 Neo,aeroTELEGRAPH,2018-11-12 08:00:00,Airbus verkauft zehn weitere A330 Neo  aeroTELEGRAPH,https://news.google.com/rss/articles/CBMijgFBVV95cUxPdmJnQkhiSDBDNUIybDVzTWw2U096R0JpU1pUaktnY01sZ19FMkNQSmxOMHFVV3gyd080SUxreWw2N0RJamdoamdwVzFpZ09NYkQwQlp0c0JjWHc0TUFid280VDZ1M1J2TlBnRFFxdXBmOHh0RTdjTF95SGQzcnRYV3JOb3A0LW4wR25FWUtB?oc=5,Germany (DE),CS,"Cyber & IT Security (Ransomware attacks, IT/system outages, data breaches at key suppliers)",Undetermined Supplier,"Toulouse, FR",2.5
Boeing schließt Kauf von Aurora Flight Sciences ab,Aerobuzz.de,2017-11-13 08:00:00,Boeing schließt Kauf von Aurora Flight Sciences ab  Aerobuzz.de,https://news.google.com/rss/articles/CBMiigFBVV95cUxQTGZYTlJkLVZ2U2EtTUhKd2ZwU2FVcEVzRDlhOUpjNmM2SENSZmFPZlEwUTdBczhwLVBIMGxCYzFwbk5zTXQ4ejBsX2VfTWFZOERGTWx2M1B3d1JIeG9XZXVJSnBiNENMT0V0aDVjSEZxckNzd3J2MWY0aXNjZW1mWVpaUFhhd29nbGc?oc=5,Germany (DE),MP,"Manufacturing & Production (Autoclave downtime, kiln shutdowns, factory floor capacity constraints)",Boeing (Direct),"Renton, WA, US",2.5
US Air Force erhält ersten Boeing MH-139A „Grey Wolf“,flug revue,2019-12-20 08:00:00,US Air Force erhält ersten Boeing MH-139A „Grey Wolf“  flug revue,https://news.google.com/rss/articles/CBMinwFBVV95cUxQN3pNQmMzVVg5OFB1X096RGdILXZPSF8wM3hBemZyUlY2UnlSXzN1b2JzbXZfaG9oOW9oTm96NTlZTGJ2YjJBS1R6c3FrZ2pRLXNiQjNleVZiZ250SFVMYnUzV041RW1iVlRNZWkwN2U1RjhPVlJTdmZrUG5INVMzRU1HWUt2SG1uTmFQQXZRc3h0cHBseWt5ZTFNVHVoMG8?oc=5,Germany (DE),MP,"Manufacturing & Production (Autoclave downtime, kiln shutdowns, factory floor capacity constraints)",Boeing (Direct),"Renton, WA, US",2.5
AVIATION: Boeing 787 Probleme infographic,Graphic News,2021-11-10 16:08:53,AVIATION: Boeing 787 Probleme infographic  Graphic News,https://news.google.com/rss/articles/CBMie0FVX3lxTE1CdkE1bGZLY2RGMWhUdEtfd1FBOFAxdlVXWFNQR3VxUDBmZVJKSkhDS2kySFVyLV9UV2JNOGpFdmpUNlFiVUhubUg0VlhXbGRDSXI2TGkyM0VmX01wMVp6bTl5N0l1TlpucjZucXZJcnRjcEVXSVdJdk5vRQ?oc=5,Germany (DE),MP,"Manufacturing & Production (Autoclave downtime, kiln shutdowns, factory floor capacity constraints)",Boeing (Direct),"Renton, WA, US",2.5
28 Hours Trapped on a Plane: Passengers Recount Grueling Experience On Cathay Pacific Flight From Hell,PYOK,2025-08-06 07:00:00,28 Hours Trapped on a Plane: Passengers Recount Grueling Experience On Cathay Pacific Flight From Hell  PYOK,https://news.google.com/rss/articles/CBMi4gFBVV95cUxQNjdUc2FaWlRWV0Z3c2R4UnAxemtQSVI5dVdLZFlGWWliSW41U2ZWV1dUYlNsUldHaURqNWtHRFZpS1FUWEJRM2NxUnl6Y3FQc3JGeHRWRjgtMF9NT3ljc0ZNOEh0THdVTzhLSWE4YkpDdlBxR2c4WGJrVENJTWUwMUhDa29KVkVZRjg0NlhNeUNya2U0aEx0dzJCRk5rb0tGeGV6SjgybFllNWx3VmE4R1FMUXFqUWVpZTlyaFFoaTlheDZiT0lIQVVIdkNOQXpwQ3JPS2xfRkNacnJQUWhIQU1R?oc=5,Germany (DE),MP,"Manufacturing & Production (Autoclave downtime, kiln shutdowns, factory floor capacity constraints)",Undetermined Supplier,"Toulouse, FR",2.5
"China moves to limit Boeing deliveries amid trade war, reports say",The Seattle Times,2025-04-15 07:00:00,"China moves to limit Boeing deliveries amid trade war, reports say  The Seattle Times",https://news.google.com/rss/articles/CBMivgFBVV95cUxQdzFTZUdicm5COXhjWlJqN081LVhVR0w3RnN1ejlWdTJCNU9Zb3k1UnlsUDFVZVVoNURwWENSRzBGVGUxUENBR19XNE5MN1ZPSzNvbXVmbEhVcDQ2M3dpZWp2cWFLc3JYLTc0Q0RkU01HS0hhQ3BabEFEWHoxZW1nMERBNE5IUS1ZOG82b1lWNmxyV0gwRTJ5djM3anZwaGNIbnczMlV3NlIyR3Y5M05PenpyWjAtRHRNT1JDdkVR?oc=5,Germany (DE),GT,"Geopolitical & Trade (Export restrictions, sanctions, tariffs, trade war/conflicts)",Boeing (Direct),"Renton, WA, US",2.5
Boeing's Smallest 737 Max Faces New Doubts as a Key Buyer Wavers,Bloomberg.com,2019-02-06 08:00:00,Boeing's Smallest 737 Max Faces New Doubts as a Key Buyer Wavers  Bloomberg.com,https://news.google.com/rss/articles/CBMiswFBVV95cUxPNEg1aGdhVFhMeEtEWHlFQnpyWWZaTkJyREVkaEUydm1nSzgyZnVmYkI3azhHUVRZN0x1dVpPbUZaeE1YNm5faWFkRjN4d3pjbHQ2eFoyNGI2RVFCdERMY2VuS1ZiNU9Jb2dPLVgzeklxUEs4U1cxR0Vyb19hYWpDUWFZT3pDNERXXzNCMDFPVXVLdVBYNk4zTWx6c0FkTWhDc0h3QmJHZXo5QmRxTkQ4ME1Lcw?oc=5,Germany (DE),FC,"Financial & Corporate (Supplier bankruptcy, distress, mergers & acquisitions, re-verticalization)",Boeing (Direct),"Renton, WA, US",2.5
"GE Aerospace: Starke Auftragslage, aber überteuert?",Finanztrends,2025-05-31 07:00:00,"GE Aerospace: Starke Auftragslage, aber überteuert?  Finanztrends",https://news.google.com/rss/articles/CBMihAFBVV95cUxNVlE0VC16SUgtT1l3Vkd1MzExdE1MYmkxWW9sNEFjS05rSm13ck12Q1B5REhxcnhjdkhXd014bmlZSElxbUhHX25lNElKUERqM19nazJQWVpIV2RNXzlsVk5tNWdTOGozVDNLRUR2RkVJTHQtY2RRakFLOGhEbXd0WjNtUWw?oc=5,Germany (DE),MP,"Manufacturing & Production (Autoclave downtime, kiln shutdowns, factory floor capacity constraints)",GE Aerospace,"Evendale, OH, US",2.5
Weiterer Boeing-Whistleblower in den USA gestorben,RND.de,2024-05-03 07:00:00,Weiterer Boeing-Whistleblower in den USA gestorben  RND.de,https://news.google.com/rss/articles/CBMivAFBVV95cUxQcGluZFM4Yi01VWlvaU5tQmU4Uk9GcWw5cm1Nc0MzLTlTcE1sczZpSk5lXzVQZDZ6SXdpcTh4ZmxpYnBaWnVtVHFOMFBFOXk4REhFVEpBSnFXRE9Uc2JyV3BHd0Zqb2VoaldOZnJ4Z0tpcmdqanZmNnlzWHhSUFN1ZUNtbXV5d01uUGJkZFl0THFRWF95MFNUa2xYMG1Yby1KVjRvRldYcm5ROEtfUGM0UWxCajlWVlBveVJoUQ?oc=5,Germany (DE),CS,"Cyber & IT Security (Ransomware attacks, IT/system outages, data breaches at key suppliers)",Boeing (Direct),"Renton, WA, US",2.5
GE Aerospace Ramps Up Hiring to Tackle Record $190 Billion Order Backlog,AD HOC NEWS,2026-04-05 07:00:00,GE Aerospace Ramps Up Hiring to Tackle Record $190 Billion Order Backlog  AD HOC NEWS,https://news.google.com/rss/articles/CBMiygFBVV95cUxPNWFJSjMyM0laM3VxSUQxS3ZCSHV0WjlkWGdSVVlkN1U5cDdxSlgtQkN3LTBkdDF5LVVqR2w0R3pjV3dXZkU5d0tmM2hsR0p6ZzlyZ0Z3NUx1TVZzSWthTHpRWDFRZkhsWnNfZEV1WlBabFJ5Y25OSFpjNjhGcHp1c1hyUHdKc0JSR2NybWtRYVN0RThacmhOdVQ2eDc3bTdWak9rRDg4c1dMOXFYMUVVT2tHUlhxZ2xObjJZVGlEUXlFNF9GaHVlaDZn?oc=5,Germany (DE),MP,"Manufacturing & Production (Autoclave downtime, kiln shutdowns, factory floor capacity constraints)",GE Aerospace,"Evendale, OH, US",2.5
"Jefferies confirme son conseil ""achat"" sur Boeing",Option Finance,2026-05-26 15:48:00,"Jefferies confirme son conseil ""achat"" sur Boeing  Option Finance",https://news.google.com/rss/articles/CBMivgFBVV95cUxQZ0QteTBZeUNIYmFkTUk3bkVXXzY3Rm1TRXRFLU1Vd2l5bVBqWlVLTThrMkFaNWJmaGxrdHJHejlZN0tWbG9TeHpXWWMybnNEdGw0QVd3U21PNTFMMVlMN0szR0cwZG1LU1ZXOTk3RlpYRElvMkRPcXVuaS1YR3pQM2NPRFE2N21nb0I5LU9yOFFOLWJXVWs3SmE0MDlBVmdfZ21jSE0ybHpPME1DWUhzaENYRjdlRzIyc01NTWNn?oc=5,France (FR),FC,"Financial & Corporate (Supplier bankruptcy, distress, mergers & acquisitions, re-verticalization)",Boeing (Direct),"Renton, WA, US",2.5
Airbus vs Boeing en 2025 : un duel stratégique au long cours,AeroMorning.com,2026-01-14 08:00:00,Airbus vs Boeing en 2025 : un duel stratégique au long cours  AeroMorning.com,https://news.google.com/rss/articles/CBMiiwFBVV95cUxNZ2dvejJDV3lzY21lR2ZjLUdHRWJaV0JXV0c5SnB4ZEptcVBIY2JrbHUtUmJmUlpGY1FGcElpSGNUUU45Uk9GSzcwVFQ2dVhDbFQ2Q1AxNlVpQjFtT2xja2J4YnpERmxLMjExVWkwdFJ5SnlyclVNZGY1WEozclA5aENrdzVNc2tpdTVr?oc=5,France (FR),MP,"Manufacturing & Production (Autoclave downtime, kiln shutdowns, factory floor capacity constraints)",Boeing (Direct),"Renton, WA, US",2.5
Boeing takes near $5 billion hit on 777X program,TradingView,2025-10-29 07:00:00,Boeing takes near $5 billion hit on 777X program  TradingView,https://news.google.com/rss/articles/CBMitwFBVV95cUxOUmtEeGs1R3h3b2phMmVFNWZUYi1OR2R5eDE1eFZvYkF4dmlmOEhVckdyMFBrcGxaWEp6X3drcXgtNTdEUmZieUN0UlR6UXd3WHRPakRrd09IeG9DSWxOMmFFY1hNMGtqRTI4SG0xV2Z6aGxfbm5yaEdfdk1JdjNMT25vODdvbjNKc014MUk3LWtXdzR6QjFPWm1ORmJUODVNaEdnWkxkYkpTS3BraURzbnFPS3FxaXM?oc=5,France (FR),CS,"Cyber & IT Security (Ransomware attacks, IT/system outages, data breaches at key suppliers)",Boeing (Direct),"Renton, WA, US",2.5
"Safran, Figeac Aero, Latécoère... La crise de Boeing secoue la supply chain",La Tribune,2024-10-14 07:00:00,"Safran, Figeac Aero, Latécoère... La crise de Boeing secoue la supply chain  La Tribune",https://news.google.com/rss/articles/CBMi8AFBVV95cUxPMk5oQW5aTC1fWDAydnJPUUVyOVA5YXgxRW5xQjJEM3hJV1QzczJCeEh4TkRaWUM4TzlKUnUyd20tMVFzWFpxQWl4S3lkOUpneGR0LXFMYUllYktXMTQzZkdfbWNKRDN3UF9vcWVIcVlDSGpJY2x0NWhzS2dHSWpadndRRHlqbU5MQy1ITXZSdlNQeklHdUZrSGdsRHRNV1ZNcVRQTzVqcFc4amUtc1JFbktUdTNJVFloeTN6VWRvN0o1MDh6Z2dUQVFoR2k3OFdFSi0zMXpUM1RKWWpRdXZsQXU2MmpPdXkwVzViMnJVTXM?oc=5,France (FR),MP,"Manufacturing & Production (Autoclave downtime, kiln shutdowns, factory floor capacity constraints)",Safran,"Bidos, FR",2.5
Grève des travailleurs de Boeing : une position stratégique pour faire trembler l'économie mondiale,Revolution Permanente,2024-09-30 07:00:00,Grève des travailleurs de Boeing : une position stratégique pour faire trembler l'économie mondiale  Revolution Permanente,https://news.google.com/rss/articles/CBMizgFBVV95cUxOcnR3TVZDM0tfQmZIUk85c0J4dFZWY1RialptemNxcmV1Ymthd2dpdFhqeklhenMyY2syV2NjcFNXTll0aGotbnFHU3RBbHhxUHdlQzJWMGRkR1FDLUplYlpiYzZ5SE1OSDYzRVBGRno5WkQ5eThUOF94cGV5RUtZd2FlelJtVkp5VzBCTU1rMjQtZHBHejJGbDZNN2lkVG9Oc01lNnh3VkRUX2haeVdnYnN5ckZBOTk2ellqU3N1X1kxbFJBUzdJbkZfWlFpZ9IB1gFBVV95cUxQcWl6VXJURTBPWGNsa3U2REN2VXdOSWRHUk5MdF9oM1JzMDlacmRBRWNDTmVJTnI5MVpBbE5Ca2dFendBWkhESHB5MGxoSFZOLS1PeFhaVEJJVnN5LTU3Q1YxcG9hRnhRWVduekJGR1dIS05oR0dSOUZ5Y2dFV25wbTZYT3Z2SVQ5NlNKdmFsMVd3YkIzVVpyYlRwekJVMkRYd01mWXRTN09mc0tCdVR1dHh1aU1oZ2JGRWxTeGszb19IS1M0U3lqckk5TG5sS28yd2V2S1R3?oc=5,France (FR),CS,"Cyber & IT Security (Ransomware attacks, IT/system outages, data breaches at key suppliers)",Boeing (Direct),"Renton, WA, US",2.5
"Avec 600 livraisons, Boeing rebondit en 2025 mais reste distancé par Airbus",Air Journal,2026-01-14 08:00:00,"Avec 600 livraisons, Boeing rebondit en 2025 mais reste distancé par Airbus  Air Journal",https://news.google.com/rss/articles/CBMiwwFBVV95cUxNcGd3VmVMZ2s5NFI4ckJXNkdnNHl2cnYtZWZ3cVY3eWZWTHgwQ2UtQUVXNzB1M0JOTV92NjlBOGx2ekZXNEw2ay1wX2tQcjVuNHVaWFQwbktHb2dJSU1nQ3FZZkRQT20tRklLWHNPOEVZd1dscVU2eDltRWtqVDhKMkNfbXlVUVJEQlBMSXJHNVJobmdKRmV5cXNIa2NVU2JPeDlVRXVHMmplUklMTElMeVZmWVZ2T3N2eUZiem5lMnlDRVE?oc=5,France (FR),CS,"Cyber & IT Security (Ransomware attacks, IT/system outages, data breaches at key suppliers)",Boeing (Direct),"Renton, WA, US",2.5
USA : Les commandes à l'industrie pénalisées par l'aéronautique en décembre,Investir Les Echos,2026-02-23 08:00:00,USA : Les commandes à l'industrie pénalisées par l'aéronautique en décembre  Investir Les Echos,https://news.google.com/rss/articles/CBMi3AFBVV95cUxNc1pjYlpqX0tTVUV5c2lTU2hYS1dGZ1NFWHloSnJ3NW9QM2E4a1F6UllrTlNfRk1wZUlrWDA3eW40WEdJRGZlbHRoVHRrV2ViaVRDUFUzZE1VWHl5SFlxTmR5N3pSaS1HZXhSLTloS3BZXy16LV9pdkQ4dUtzamdEUFVPUEtQUHI1ckRya3VFOTlSQkhTUFI3RXpkUFljdUJNN0tJRHdNbFhGczFIQkFRdjJXcHFFZ0w2S2hXR0RITWc2NHdGUFdLZTBlbnI2UlM1S3UxNkJMOU02bnRL?oc=5,France (FR),MP,"Manufacturing & Production (Autoclave downtime, kiln shutdowns, factory floor capacity constraints)",Undetermined Supplier,"Toulouse, FR",2.5
"Grève, problèmes de qualité... Boeing annonce une lourde perte de près de 12 milliards de dollars en 2024",Le Figaro,2025-01-28 08:00:00,"Grève, problèmes de qualité... Boeing annonce une lourde perte de près de 12 milliards de dollars en 2024  Le Figaro",https://news.google.com/rss/articles/CBMi2wFBVV95cUxPQ3lZVmVZMHdhY1oydEdMdExzTjk4WURNMXBFZl9wR2Q0M0Z1UHNsUFlLaTBidjRWTWNmVEFockhKLURjQ0lJbGNwdEZybm1TMmJZcVo2NEFLRDlETFByOThOWGlHbXB2eHppbGkwLVlsbjBrcThzOE1ZY2IwMjV0OWw0NWNlRTIzYjVvZTNyYnFkNHlNOHpyRXFTZVE4M25oUHpZQUpiT3NvNXhQdkZ3MlFzNjcyOVVUVll1VkZtS25JYVFEbnBMZDRHelQyY0lERXQtQ1hTdWRSTFk?oc=5,France (FR),CS,"Cyber & IT Security (Ransomware attacks, IT/system outages, data breaches at key suppliers)",Boeing (Direct),"Renton, WA, US",2.5
Afrique : le trafic aérien de passagers devrait croître de 6% par an jusqu’en 2044,lecourrier.vn,2025-12-03 08:00:00,Afrique : le trafic aérien de passagers devrait croître de 6% par an jusqu’en 2044  lecourrier.vn,https://news.google.com/rss/articles/CBMiswFBVV95cUxQRXhscWZTMHhmdEFfOExjWndVS1drWjRRc1BCUTBrWHg2cjNKSExrc3dwT3Y3Z1h3MFRBWkwxN3VGWXhTVEZ3ZTRFcTNiTmIyc013UVNmY0tLNzBvTGpIOUdVWFYzeUVYVE51UmFuMmhsWjR5Q0l1TFEwbFJDNVdVWUhsemNYRlREM3puY1V6VVRxOGxmV2JwLWJtWXpmS0tYejMwWjhCZmNhUGVjUDBJYzBVMA?oc=5,France (FR),CS,"Cyber & IT Security (Ransomware attacks, IT/system outages, data breaches at key suppliers)",Undetermined Supplier,"Toulouse, FR",2.5
"Poursuite de la grève chez Boeing, qui publie sa plus lourde perte en quatre ans",Virgule.lu,2024-10-24 07:00:00,"Poursuite de la grève chez Boeing, qui publie sa plus lourde perte en quatre ans  Virgule.lu",https://news.google.com/rss/articles/CBMiygFBVV95cUxPV1ZPTjRHNWRJcHNHaWZPYU5YT0xqa2JWcGNWVkk4Tl9oMzBjUzdMZGowd1VtdEJkRU85eVlHNXlGYkNHQjMzQkx4Tm5pRWx4eUswS01PQkhJRUliSVF6WlNIMGstUkhROTQwNFZhUi1xNWhKRC01N202NVpLcGU4anBMWElsNVFUNDlpR3Rsc096TUpLUGdwdUFseGR3SXFmUnpZajdHREJLekhwQlJlcUpxYS1aa1ZIYXFVd05OWjl6Tjc4SzU3SnFB?oc=5,France (FR),CS,"Cyber & IT Security (Ransomware attacks, IT/system outages, data breaches at key suppliers)",Boeing (Direct),"Renton, WA, US",2.5
"""La filière aéronautique n’est pas malade, mais connaît des difficultés""",Le Journal des Entreprises,2024-10-28 07:00:00,"""La filière aéronautique n’est pas malade, mais connaît des difficultés""  Le Journal des Entreprises",https://news.google.com/rss/articles/CBMiwgFBVV95cUxPekFGcEZVQUVrMExhaTY1bjJQYjF4TGJ4NDBJVjJsSS1SV3VBa2xydnBLekYwQVlPY0RxMGg0SXBBSElfZkRreDg0MFZzYlViTFVRUllBZGlGeGF5RmQ2WTJyWE1sT0cwTkNpQUkzOWJTaW9WRHNHWDBuRVg4U0FiSHFzeVljZmFZMFc1b0dEcTVDbWd5MGd3NUZJUFpIZHU4QlpqTVpnbkVBcjFLSlR5NWl4RVN4eWFuNmQyZzNrWDN6QQ?oc=5,France (FR),MP,"Manufacturing & Production (Autoclave downtime, kiln shutdowns, factory floor capacity constraints)",Undetermined Supplier,"Toulouse, FR",2.5
La Boeing French Team accueille deux nouveaux membres,Aerocontact.com,2018-06-14 07:00:00,La Boeing French Team accueille deux nouveaux membres  Aerocontact.com,https://news.google.com/rss/articles/CBMiuwFBVV95cUxNRldUaW1vT0h4Z2hkZEFqR0xKR2tpY0VjaEhCOEdjMUNSbFNzUVVxVTZYNWMxaF9SM0kxWVBra0tKSE9vWjUzTVhBSFJwN1hCa011b0ZUSS1CQVhpUHRvSlkyMEs4UTdTZmZ6ajFiVUJTUjhVR3VlZnRDMnh0R0FobWFnU3pKUmFibTFDYVhaN3pRdk5pWllZOGxYeUhzYmN2WmdQTEtnRVpMUjY3WDREU3BtTmVHdTlWTDRB?oc=5,France (FR),MP,"Manufacturing & Production (Autoclave downtime, kiln shutdowns, factory floor capacity constraints)",Boeing (Direct),"Renton, WA, US",2.5
Boeing annonce le plus grand contrat d’échange de trains d’atterrissage de son histoire au Salon aéronautique de Singapour,AeroMorning.com,2026-02-04 08:00:00,Boeing annonce le plus grand contrat d’échange de trains d’atterrissage de son histoire au Salon aéronautique de Singapour  AeroMorning.com,https://news.google.com/rss/articles/CBMi3gFBVV95cUxQSGlGemFVY2tPY1dnRzlsbGJ0WlBLbG5jVXFuWDBOeU9iSUFyN2hoMGlTcmVwT2pIVmV5V3NRR1F4aTI0dExTRkwyUjRlX3hheHZaeGFwQ2NKWkJzTzV1cWwtT2t0eW9xZlJEbkUxOHRZMHJPM0thZkhaSm54YXlaM2g5NXJwcHdtN0lfY0FFSERjdFNqTWZPNDJoU29KM0wyZzZ1R3ltMXZGR0dYcnVWUVVrZ2NTYmtyTW9jcTNSV2YyT1lidmREd1owRHMzS09kVmZxWEpkWXRBNGtuT1E?oc=5,France (FR),MP,"Manufacturing & Production (Autoclave downtime, kiln shutdowns, factory floor capacity constraints)",Boeing (Direct),"Renton, WA, US",2.5
Typhon à Taiwan : la nacelle-moteur d’un 747 d’UPS fait un « strike » (contact) à l'atterrissage avec la piste,Air Journal,2025-08-14 07:00:00,Typhon à Taiwan : la nacelle-moteur d’un 747 d’UPS fait un « strike » (contact) à l'atterrissage avec la piste  Air Journal,https://news.google.com/rss/articles/CBMi5AFBVV95cUxQOGxkMjJaWHhab3V5Tml3R1pVQkhVdU5ENDFZZ0hZdHlJalJ4cWVyT0dXajNuSG1vSFFnUHVaV0xpeXFva29FY1hDYzU1aHdwd0tUa2hMR1lEZnVkRTRPa09TWE1YRF9mYTluNVFuN2RqU3JvWWJBbXJ3QlU2NGpmenJoTFJUWFh0Qkswb0E1alJlem5VTXNMTHVEcjdrNjdrQUFFTTYyY0R4d1NURkhKMC1oLXJjaTUxWkRCQ2NZRDVWbXcwcGxTQzVpX2VPbE56bkQ4NmVyVXkxckFVOWdVdTl3TG8?oc=5,France (FR),LW,"Labor & Workforce (Strikes, union disputes, labor shortages, layoffs, negotiations)",Undetermined Supplier,"Toulouse, FR",5.0
"F-15, Chinook, B-52 : Boeing promet une nouvelle vie à ses vieilles gloires",Les Echos,2023-05-31 07:00:00,"F-15, Chinook, B-52 : Boeing promet une nouvelle vie à ses vieilles gloires  Les Echos",https://news.google.com/rss/articles/CBMizwFBVV95cUxORHg4Vk16eUx0a3A3T2RSa2lvUUJhNFpEd0E3MjQ0ZUJ0VENybElzTUZNN3RIZk1xa2JSdFJfQWdLdmVvM2s4dy1WaDhfTEJybzJJWjNpRHA3YkFCRUZVT3ZvaDhNVTNFZ1hqRXVGaWxCN0NUNkxSUTNuZEt0NGE2MnY0b1RvOGQ2OENybnp6V2VlM3E1VUEyenUyU05vNWtLSzYwTGhuel8tYTBES1RqdS0yX2VnUlF0OUR6QkM0ckdub0hmWThmanJBcC1nVUE?oc=5,France (FR),MP,"Manufacturing & Production (Autoclave downtime, kiln shutdowns, factory floor capacity constraints)",Boeing (Direct),"Renton, WA, US",2.5
Boeing Stock Braces For Bumpy Q3 Landing (CORRECTED),TradingView,2024-10-22 07:00:00,Boeing Stock Braces For Bumpy Q3 Landing (CORRECTED)  TradingView,https://news.google.com/rss/articles/CBMirAFBVV95cUxPQTRYY2syalY1Uk1KeDVfNHhqY2txcFUwNzJuRngtUzl6eEV1ZE5kLXNXVll2TGhPSjlKMWFIalNmRTVrWU5GSjVkaV9TcF83LUd2MWoxcnkyYXJMN284aF9PUWhBWkRLcEp1ZFFLQ3R5M2Y3NXJXc25td0ZmNWFlRHJPMnR0dFJpTERicGJ4dE85QkhPOWh0QmNKMEY2T2JSNDJZa2NqbWxtMWtV?oc=5,France (FR),MP,"Manufacturing & Production (Autoclave downtime, kiln shutdowns, factory floor capacity constraints)",Boeing (Direct),"Renton, WA, US",2.5
"Boeing : après 10 jours, le mouvement de grève s'enlise, pas de sortie de crise en vue",La Tribune,2025-08-14 07:00:00,"Boeing : après 10 jours, le mouvement de grève s'enlise, pas de sortie de crise en vue  La Tribune",https://news.google.com/rss/articles/CBMi_wFBVV95cUxQT0FBZjNfZXBOZlBQM0hJNm9kT0dLRDJvd2xxNTdoQXBPamtPc3BIZlpSN2N0bGlSb1F4eDV4QU5FYWxOSlpsalFKbTRNYnV6QjlmYXFiUE5YNGpDNm5CWm9KMGtXazBFRUdmekRYdkp3LU84bEVzZWlYYzR2ZjZqSEhhT3lQMnA3QUZtZmNPSnA3RUh4emd2TV9kSG1oX2IyTm5WNzJPODBTZEZjdUdXbGloZjRnRHoyUXlXdFhXOHFyZnFuZzJUcThiLVJRMXpsYm4tMGhxQjIzdXlDbmpkVDdRRFNOSzkwWGFpZW9GMEpWUzMtUEtqbExVZXV2bVE?oc=5,France (FR),MP,"Manufacturing & Production (Autoclave downtime, kiln shutdowns, factory floor capacity constraints)",Boeing (Direct),"Renton, WA, US",2.5
DHL Express modernise sa flotte par la commande de neuf Boeing B777-200LR convertis en avions cargo par Mammoth Freighters,DHL,2023-04-24 22:38:13,DHL Express modernise sa flotte par la commande de neuf Boeing B777-200LR convertis en avions cargo par Mammoth Freighters  DHL,https://news.google.com/rss/articles/CBMilAJBVV95cUxNb1FpU05mMnVnNnY1MEp5aFk0bkVZM3djZ0R1VWI3MXhNV2YxOUtMOVEzY1d1TTU4RFVxTFZYUEZWcFJNODBhNlZCTGlvRWVZelpmaU9rVGh6eW52YkppZ0ZYSHY5YmNUNERRelBUR001dVNHMjFOVlJnZHhzb3RCcTRyZkpsSVNrOE9fank5RW9JbnNJVjVJckI1cjliN2gwY2U2SGg5bXRSbjY4NGI4cW5GYXprU2FkWXlERFFRMHZ4QTdvOGJHeVU5X1FzNVdha2JxZ1BKSEM3Q0RSb092WXp1UnROTXJmMDRTRTdMX1lMOW1naUhHRTZ3V3NqNTh3SkN4aTNLMDlkc093ZnhZNVdIeWQ?oc=5,France (FR),LT,"Logistics & Transportation (Rail delays, port congestion, shipping/air cargo capacity bottlenecks)",Boeing (Direct),"Renton, WA, US",2.5
"US Stocks Rally on Friday, But Book Weekly Losses",TradingView,2024-11-01 07:00:00,"US Stocks Rally on Friday, But Book Weekly Losses  TradingView",https://news.google.com/rss/articles/CBMinwFBVV95cUxQWGctMkk3WUdlWkprMUhsOExEc2Vtem1LT0I0czJlS1NpNUpaNjliRWpuZFRWZXh4aFRKYTBnS0xhdkxRQVFvSWhpR1M0MlJfVVFuZXBGU2p5VUd2eFhpSnRkQlNyTXVYRHotWEJkTUVJOFoyNDV2QjVPbXE1Yl9ucUZJQzY3XzZWTDdoLWZvOUdmT1dBb1h2VWpMOTh6V2c?oc=5,France (FR),MP,"Manufacturing & Production (Autoclave downtime, kiln shutdowns, factory floor capacity constraints)",Undetermined Supplier,"Toulouse, FR",2.5
737 Max : le PDG de Boeing souffle le chaud et le froid,Les Echos,2019-07-25 07:00:00,737 Max : le PDG de Boeing souffle le chaud et le froid  Les Echos,https://news.google.com/rss/articles/CBMitwFBVV95cUxQMkUzVXMxTks4OVVRUEhIMmsxVHlVUzNWLTNBR2FGbWg1M2t4clk1OXRRRXBiUC1JQ0ROTjFDc3k1UndPT1ZuUEc2eG9PWnV0SklkMGNUMVl0WDRvMmhRR0ZOZFlBVXdMUUx5UjJvMXhPUmo3bHNJdE0zbmdSRmcydVR5c3V4UjBZWk5PS1pjbDhrYVgyT1YyNzlla2tnaWY4Sm9BcU9qbTFOS25sLVV3WlJqQXFiMHM?oc=5,France (FR),MP,"Manufacturing & Production (Autoclave downtime, kiln shutdowns, factory floor capacity constraints)",Boeing (Direct),"Renton, WA, US",2.5
Trois F-15E de l’US Air Force abattus par erreur au Koweït,Aerobuzz,2026-03-02 08:00:00,Trois F-15E de l’US Air Force abattus par erreur au Koweït  Aerobuzz,https://news.google.com/rss/articles/CBMilAFBVV95cUxQUnB2czlmVUNzMHVRUl9uOHNWVlJqWGtRZEF0Rmd2NFBJUkpVUnNLSzkyakViRTRxVlRNeUdXaGppUzhhZFRyTmk1ZXl3MFJYcENSUjBzejYtc0dVMEFBZzFRRkhxNFpLSkpuaHh5ZklmWWtKY3JBM19NdzBueUw5cHppZGhoLWg2bnRKLUxoSnA3MVlq?oc=5,France (FR),MP,"Manufacturing & Production (Autoclave downtime, kiln shutdowns, factory floor capacity constraints)",Undetermined Supplier,"Toulouse, FR",2.5
Israël commande 25 des derniers chasseurs F-15 à Boeing,F-aero,2024-11-08 19:32:48,Israël commande 25 des derniers chasseurs F-15 à Boeing  F-aero,https://news.google.com/rss/articles/CBMif0FVX3lxTE5FLWVEMWhKREdmTmhCWFhhVXl2SW9RNUN5QVVhaTBGUWRRM05uNGNQOFpOVTVaUzFNVzZzV3FGUHpjWGx2QnZla3F6Slljclo2TDlSRlNwV3Y0Zm1KeURSdU8tQk4tWlFtNm82YlJvalZEM2FBZlJlWjR0YXB6dkE?oc=5,France (FR),MP,"Manufacturing & Production (Autoclave downtime, kiln shutdowns, factory floor capacity constraints)",Boeing (Direct),"Renton, WA, US",2.5
F/A-18 Block III Super Hornet Tour,Aerocontact.com,2020-08-14 16:35:34,F/A-18 Block III Super Hornet Tour  Aerocontact.com,https://news.google.com/rss/articles/CBMif0FVX3lxTE9HdUQ4ZTZ1YjJMZkNMaURWcUJmQjgtazNZQ1NseVNYOEk0WVRwdW1QdE9zVkpzUnFhUWpJSEM3MmptM0ZMSzJzX2R3d05pcUc5TEVKak0yS3U0QXRuWlBubFhWRlI4cmpNT1lFYnhEQTBkY2QzVU95QWZpUTcxYUE?oc=5,France (FR),MP,"Manufacturing & Production (Autoclave downtime, kiln shutdowns, factory floor capacity constraints)",Undetermined Supplier,"Toulouse, FR",2.5
Une balle découverte dans le vol United Airlines UA1511 à Newark,ulysse.com,2026-02-20 08:00:00,Une balle découverte dans le vol United Airlines UA1511 à Newark  ulysse.com,https://news.google.com/rss/articles/CBMieEFVX3lxTE1zT2VxSXVlN3F5Mms0OHpoQUZaSkt3NU1NRjlvelBTRk9tZ0RCOFBaUHpPT3BjWmpVUENfRFc2TFVWeXozc3pXYjNfSnpsZXJEMk5Zd2VUMTFNWkVUNU9XUWlCNUpxeWVIQWVSdzU3OXk4N0ZmQnR4ZQ?oc=5,France (FR),GT,"Geopolitical & Trade (Export restrictions, sanctions, tariffs, trade war/conflicts)",Undetermined Supplier,"Toulouse, FR",2.5
Boeing annonce le lancement d’une augmentation de capital d’environ 19 milliards de dollars,Virgule.lu,2024-10-28 07:00:00,Boeing annonce le lancement d’une augmentation de capital d’environ 19 milliards de dollars  Virgule.lu,https://news.google.com/rss/articles/CBMi0wFBVV95cUxPVVZQOHpPRTl6eVFvdXVvM2hnNzU5YndPMGs2a3RjM0lrWEhQcHFPalByUGVzRHlTZS1LQzB3Z0VUUks5Y1pjVUVNUmpJTGlkdzNncE9ydlRLaFVXNGZlUXZ3TDhieU9vNk41anhIU2pCWUVSV1NMU1YwT3NnUThMcXYtdVRRRC1uUzUyQjNxUEZPSHl2bUViOUJ3SHN5WGRZWHE1T2x0dzdHd0ZzZERSQklFano5XzNUYU1sSWU1c3RTcGw1Rzd4dDBYRWdFaDV5LUpF?oc=5,France (FR),CS,"Cyber & IT Security (Ransomware attacks, IT/system outages, data breaches at key suppliers)",Boeing (Direct),"Renton, WA, US",2.5
Crouzet et Ratier-Figeac intègrent la Boeing French Team,Aerobuzz,2018-06-11 07:00:00,Crouzet et Ratier-Figeac intègrent la Boeing French Team  Aerobuzz,https://news.google.com/rss/articles/CBMilgFBVV95cUxPcHROZkI4Ty1UZ3YtU2dWU3gzUFJsNDR0aW1qQUtWVzlCZ1FoTFQtYzI0b0FsTWQ2SFpZWVA2WTdvUVQ4VGNLM2N3TldMOEdld3QtWEtndXp1NV8yRXdoTlJGX3p5bTMycUdTSmRPMU9qT2FzeTBYTmtUWENvcjJ2SjZ6UDZJbGVFSW5vQW1PVkpVS1lnM2c?oc=5,France (FR),MP,"Manufacturing & Production (Autoclave downtime, kiln shutdowns, factory floor capacity constraints)",Boeing (Direct),"Renton, WA, US",2.5
Boeing conteste le choix de Lockheed par le Danemark,Investir Les Echos,2016-09-15 07:00:00,Boeing conteste le choix de Lockheed par le Danemark  Investir Les Echos,https://news.google.com/rss/articles/CBMiwwFBVV95cUxQYnNCWHZRTDktZEpBZXJwUXF6ZjlzVXN2SjEwc0xXTFQ3UU1Bd01ibkdWVTRrYkpCS0c1LWhLWHBBYXRFUDNNcGJUZHVybGRvb0M1MVp0OXptNF9qYjZPTEtxSjFZeWFfOTJqUjZNZlhaRXE2Z1pVR25kRTlmTEhQbXNKUnpVMFJqeGxkS1ptNkRwckRVSE5sUFA2aTIxNzNLYXFVbWdQY1BIc2tNamhCd005MjY4Zm5FUk13TGtEQlpnaDg?oc=5,France (FR),MP,"Manufacturing & Production (Autoclave downtime, kiln shutdowns, factory floor capacity constraints)",Boeing (Direct),"Renton, WA, US",2.5
Nouveau retard de livraison de l'avion-citerne de Boeing-Armée US,Investir Les Echos,2018-03-08 08:00:00,Nouveau retard de livraison de l'avion-citerne de Boeing-Armée US  Investir Les Echos,https://news.google.com/rss/articles/CBMi0wFBVV95cUxPTzl4Q25rbVNzQVdxX2hYSUVVdkRSNFotVFZwY3pMb1lVZ2U4T1diNHBORS1OX1BLYm5TSkJnTGViSVYyZkppZDJiZnBsREdTVGVYTnR3bXd6Y2FCVDRDZHNjTDJUWHJlZldsWHZxQzU1Q0o4OHVBUW92eUQ0NGJFZUhUTE4wSUpjRTJiUVJpSk5WSHBpRUFSWHBvNGFNeXhLOFlrRTVNZ09CVUtreDBoemJTc0QtTFZWOFhhRi1md3hBN2t0VmwzU29BV0lOeG4wN3pR?oc=5,France (FR),CS,"Cyber & IT Security (Ransomware attacks, IT/system outages, data breaches at key suppliers)",Boeing (Direct),"Renton, WA, US",2.5
Ratier décroche sa place parmi la Boeing French Team,ladepeche.fr,2018-06-16 07:00:00,Ratier décroche sa place parmi la Boeing French Team  ladepeche.fr,https://news.google.com/rss/articles/CBMirgFBVV95cUxOcWpCOEFoQkhtS3dOZF9NdlpGZG9GRnRLRFoxcnVDRjdsZ1dCbllocTRHQ3dkM05SR21kWUdQSzVRQnNGRnlmZnJreGl5elNsQnhielhQY01jMlI4aFpiUW9BX0RTU0pDTy1tQmZpbThtdVhYMmh5VXBxVWlsaEM1dG9MREhqNWpudlc2SDRDSnI5d2lDZGo3REd1ZGZJM05WRDdiM1dCWENQTGhYd1E?oc=5,France (FR),MP,"Manufacturing & Production (Autoclave downtime, kiln shutdowns, factory floor capacity constraints)",Boeing (Direct),"Renton, WA, US",2.5
Boeing pourrait fermer temporairement son usine de 737 MAX,Challenges,2019-07-25 07:00:00,Boeing pourrait fermer temporairement son usine de 737 MAX  Challenges,https://news.google.com/rss/articles/CBMitgFBVV95cUxOZzJJWUptREEyQ1NVVjN6blgwWXVYZFk0OUs1TXlidzFuMncyWDIxSDZDNkJZNTdkQ1g2Qk5PQjFJcWpRWHZHenFiMkZoektYaFBVVG9oaDN6RnFSZWQwTUFOV2FPLTNRQmtuR21HdzREV2lwTU1hZzlNc01ialZIbFhGcVdYLXZKTDhlbWhpVGVEM2l2VFdLajRzMzJoanBBams0TUUyQmF0clFGS1FTZjZQaHFqZw?oc=5,France (FR),CS,"Cyber & IT Security (Ransomware attacks, IT/system outages, data breaches at key suppliers)",Boeing (Direct),"Renton, WA, US",2.5
«J’envoyais déjà des messages d’adieu» : un avion avec un moteur crachant des flammes obligé d’atterrir d’urgence en Italie (vidéos),CNews,2025-08-20 07:00:00,«J’envoyais déjà des messages d’adieu» : un avion avec un moteur crachant des flammes obligé d’atterrir d’urgence en Italie (vidéos)  CNews,https://news.google.com/rss/articles/CBMiuAFBVV95cUxNVEhlRlhDRlFhOTk4NWFma0J3U2o5dW5oTENRWFBSN1lxalJnUlUwUzhxZVdQQVBNMWxwY0t2bFUtcWw4N2JFTVdGTkdhTEM5YlVzME9ndC1Ia0ZDeW1nNXhINVAxRG9yOWdJLTdzeFc0TXludGtVOVBuRlh6TnMyb0lIRXdaME51NDU1TnQxN0luUWZQeGh5akY3MzY3OGZ5cEZ3aUhkaThsckd6WjJZWXJXVmZUbGJ40gG-AUFVX3lxTE9YV1BVUEg4UkRnSTRCRmo1OVpIRXJoNXRsUkdkZkREdF9DVWgtMUlvU2ZreUR3N0VKZTRlM0RKbl9lblhLemNxM09kd1pYQ01BVFM4LUpPVDVTOHR2dldkMHVlMWNQc1VfcHJQbUQ3UUV2NGRRcTlwOEVvRl9CREV0V2F1bXF2OFR4QVhFODZrMlJGNll1alI0bkFBV1dnbjFKd19tdHZFNExrRWU4TjlybHhoOFpKdFZuX3BKSmc?oc=5,France (FR),CS,"Cyber & IT Security (Ransomware attacks, IT/system outages, data breaches at key suppliers)",Undetermined Supplier,"Toulouse, FR",2.5
« Nous n’avons pas d’inquiétude dans l’absolu quant à la solidité de la supply chain en France face aux montées en cadences à venir »,Investir Les Echos,2015-06-12 07:00:00,« Nous n’avons pas d’inquiétude dans l’absolu quant à la solidité de la supply chain en France face aux montées en cadences à venir »  Investir Les Echos,https://news.google.com/rss/articles/CBMimwJBVV95cUxPelBiM2RBTG52TVNTUVpneTh2ZWdoeWlxX05PSktDOVMyQzJidWpTeW5FR25DcXpYakhJZHZWRVU5SGtUZ2t4NS1IU09IUEtqZ3FXWkVUUTZ0d09HMUdxTWkzMTRJTjVRTThXR1JFYk1BSmpUSWpXZWZZOTRjalNqYlF1bFJHSVkxMDVzQnIwMkRTd0RveWdHX2paNTRFbGVNdGlucWp5UmhHOEZOUkJGZDh6ZFNUN2wxZGdza0R3S045RmtxZ1QtdjRGQmdpY0xQSlFHbHNFSnppaXFPMlJpYVZiQi1yN1NHdUl3Qmk2UEVldkdaX3o0QUQxYnRKUDUtbDRNSjlFMlhNMVBuNDgwNVctblptbjNMSnkw?oc=5,France (FR),CS,"Cyber & IT Security (Ransomware attacks, IT/system outages, data breaches at key suppliers)",Undetermined Supplier,"Toulouse, FR",2.5
"Le F-15E, camion de transport de JDAM",Aerobuzz,2021-03-11 08:00:00,"Le F-15E, camion de transport de JDAM  Aerobuzz",https://news.google.com/rss/articles/CBMiggFBVV95cUxPX1pES1hsUkt2MkF4NUd5ZXZfWWZmYUFKeW5pd3BfdHZzeTZqdFBSbFB3RFRXT3RxRFBrTXJ4MnJqam9qRWpVQ2ItMEp4U3pPR3k0aDAzZUVoWlZfN2dJWDUtTTZYUzNDVnUwRUZ5UDNXZV9NR19mLTJFUUlZNTJiTnFn?oc=5,France (FR),LT,"Logistics & Transportation (Rail delays, port congestion, shipping/air cargo capacity bottlenecks)",Undetermined Supplier,"Toulouse, FR",2.5
Kuehne+Nagel met en service son premier Boeing 747-8 Freighter,Actu Transport Logistique,2022-11-28 08:00:00,Kuehne+Nagel met en service son premier Boeing 747-8 Freighter  Actu Transport Logistique,https://news.google.com/rss/articles/CBMi0AFBVV95cUxOZ2NtdjBXUFNXYWJKM1RlUGFzVUJnT1FHd2dvRWowX1lqLXQ3QVNrUS1tZGhsTjBjOVpVQ2hSc0F6ZHVEOGdIRUdiZkg2bzdhYy03YU1UTE5hVS1YVmFHZDl3cVVpWEdDODBJT25LMUJOTXhuSzY4cTFRdjZZU3BPeWlONVZRNzBRZFl2cmJSU1NlX3AyMEo3RjBfX3FPTXh5MDhKcldPSXZXeGUzbWs2TERtVmNfT1R5OWlxRDVOMF9qT1FmTkwxV1FpMEJ5WkFX?oc=5,France (FR),LT,"Logistics & Transportation (Rail delays, port congestion, shipping/air cargo capacity bottlenecks)",Boeing (Direct),"Renton, WA, US",2.5
"L'approvisionnement, point faible de Boeing et d'Airbus-expert",Investir Les Echos,2014-03-19 07:00:00,"L'approvisionnement, point faible de Boeing et d'Airbus-expert  Investir Les Echos",https://news.google.com/rss/articles/CBMizAFBVV95cUxNRmIySXZDZjVFUHduQmxINDJNNzMyVWhwNmxHdGdySEl5TVJxWUYwMnkzTHJWTFRILTcxT0VJdUliZXpsTUhxSTJ1SFltb213b1FJS25xQVc0RVZsMUFJXzNNRnl4WWtpT3BnYjdUR3NPaEd5MXVyVEtkOXBteENRVEVvWDBZRnc4Q1FEai1Ob2E5T1E0X3dZTWZCcC01MVJlbTBkUm1fTWVPcWJOaDBKZ3U5WGpuQzJKWno4Z2xhU0lNZ3hpTnBiYUVOVVA?oc=5,France (FR),MP,"Manufacturing & Production (Autoclave downtime, kiln shutdowns, factory floor capacity constraints)",Boeing (Direct),"Renton, WA, US",2.5
Casablanca Aéronautique fabriquera des pièces pour le Boeing 737 MAX,Le Matin.ma,2025-06-16 07:00:00,Casablanca Aéronautique fabriquera des pièces pour le Boeing 737 MAX  Le Matin.ma,https://news.google.com/rss/articles/CBMipgFBVV95cUxPZDBVbS1qdmVLVW9xYUFCaGtCODNEbmlIVkp0eDYyT1ZIQUJjLTV2M2xKY1hNNzdVMmhFS2R6UEV2ZjRnTF9mbjMzRUFGS3Z5QjcwNnNKaF9OQUVTd01aWnd6N1kyUGtCTXh0UktzQ01TVHdFOG5zcC03T2d5a016NzdxNXU5azBDSW9hWTZkUmtCYW5uTFFQdmxGMVRwYnBZTThudVNB0gGrAUFVX3lxTE12WTRYVGNKQmVnX0VVbmthcG8wOUE3WTRlWEgyamVkcGpyWmQ5ci1pTGsyR0RJaWl1bzM4NUJha01BbEp6OFNXOTg3OFBHdTNKY2tpMnNISVNCaUNJUzNleHNCTVZMQlVmZTZwS0JvdGx0MzBLbWZ6V2h0dnM5LXd6REVKblBoT2laZVUtcGhZazlnRU5qTG1nX0xJTFBSd3QzMFMtYTJDczI0OA?oc=5,France (FR),MP,"Manufacturing & Production (Autoclave downtime, kiln shutdowns, factory floor capacity constraints)",Boeing (Direct),"Renton, WA, US",2.5
Boeing et Lockheed-Martin contestent l'attribution du contrat du futur bombardier de l'US Air Force,Zone Militaire,2015-11-07 08:00:00,Boeing et Lockheed-Martin contestent l'attribution du contrat du futur bombardier de l'US Air Force  Zone Militaire,https://news.google.com/rss/articles/CBMiygFBVV95cUxQcnpUOUxTeWtwcWtOOHNfblZHeXNkbEh1LUZkUm9HelVEbm1XNUpqRW5ibGFXd2stVmJRR3dkYkd0QTNzb2NXR2M4eFVRTEhzUmQ0VGJ3STNmNVoySmRUbHhod0J6ekFaLWlkRmtrYnItQkpMc1JxV0M1bmY3YnRXN0tMWGMwc3NjRGxIYU5DeVVxUXMyYkU2dHc1MWtHNmFsdklDMEhzQUxFRFNwcVUxSE9Qamc5NTRRUXlySjdLbXdzVTJBYWUyYTJ3?oc=5,France (FR),CS,"Cyber & IT Security (Ransomware attacks, IT/system outages, data breaches at key suppliers)",Boeing (Direct),"Renton, WA, US",2.5
Aéronautique : Alphavest Capital et Boeing s’allient pour créer cinq centres au Maroc,Telquel.ma,2025-07-18 07:00:00,Aéronautique : Alphavest Capital et Boeing s’allient pour créer cinq centres au Maroc  Telquel.ma,https://news.google.com/rss/articles/CBMi1AFBVV95cUxOVk1CMjYxSnpzOExrYlN5VTRtRDRZSkdaQXlJbGRsbUR1ejl2QnFzdFJ5ZzFTNzZYVVpQUUlSdF9zbXVPcDRoT1BnZWZPc082QWNKbmdURWNWaXZGSzNYV1NjcnBseVVlQkJQT1FiSnBUWjRXeldYd2dDRFM0dDd5MUIxMFZGSFByMF9nVGlDUlVtWUhCUU9TU3BHQkRjVjc3Z1hWSVNRa2toZEd2U1dQRWVVRGlrZkpYOWFEWFhRbFZVc0ZrMWVqTzVxMG9xeDY0UHI3SQ?oc=5,France (FR),CS,"Cyber & IT Security (Ransomware attacks, IT/system outages, data breaches at key suppliers)",Boeing (Direct),"Renton, WA, US",2.5
Boeing et Lockheed Martin s’allient pour le futur bombardier de l’US Air Force,Zone Militaire,2013-10-26 07:00:00,Boeing et Lockheed Martin s’allient pour le futur bombardier de l’US Air Force  Zone Militaire,https://news.google.com/rss/articles/CBMisgFBVV95cUxPZk1qUGZqMzU2WllGc0NmMzdHbV9oTmFiUmQ3bmpROU90VU9yeWlESlJ5Q2tNV0FWV0tVTDVYZDBzTGNDRGxmUWhYdTNqUEY3eFhzQUR6aTRRR210TDBvdk4td0puTTJEb1M3eHAwblA0OXF6YWx2S3oxVEZubGI2aHE2MlhpNkRDUkFtR2N4bmRtR0V3Zlh3YW94Z1laaUlETGl1bE5yNDd6UlE2SV9fMy1n?oc=5,France (FR),CS,"Cyber & IT Security (Ransomware attacks, IT/system outages, data breaches at key suppliers)",Boeing (Direct),"Renton, WA, US",2.5
Riyadh Air: Boeing delays start-up,Voyages d'affaires,2025-01-20 08:00:00,Riyadh Air: Boeing delays start-up  Voyages d'affaires,https://news.google.com/rss/articles/CBMibkFVX3lxTE8zMURocnNxeUc4QVI5V0dfa3lzV19zRmVqcmFkOENqMnJIa1BDa1VxTzMwSnd2V1A0ZEVfdmRJQkpZcDYxOHY5dnJpTjB6N2lVX1I5R2YwbVFaQkkwY1A5M0t3bWhteDB0Ulk3SmN3?oc=5,France (FR),LT,"Logistics & Transportation (Rail delays, port congestion, shipping/air cargo capacity bottlenecks)",Boeing (Direct),"Renton, WA, US",5.0
Un incident s’est produit sur un vol Luxair entre Luxembourg et Dublin,Virgule.lu,2024-11-29 08:00:00,Un incident s’est produit sur un vol Luxair entre Luxembourg et Dublin  Virgule.lu,https://news.google.com/rss/articles/CBMiugFBVV95cUxQNDJmOXl6OUxQdURyNlNEYm9wU054Zkd2UGd2TWs3VnFVc3lBbENfazBsUk9pd3hhbkNoTkJSdkU4V1lKMG1EdVlHeUdKM3d2T0F0aEV0WHRuSzZ2eEg5ZFQ1ZWpCWGtvWWUwSEtacXAzaFdTRWwwMnYxcXlSd0VpcUdfYjRidTN5Q3B5enFUU0QwRklKYzZRXzRhMHVmN0hBYzB3S09zT21GMDN1NDVrMERLVFR4RHFoVXc?oc=5,France (FR),CS,"Cyber & IT Security (Ransomware attacks, IT/system outages, data breaches at key suppliers)",Undetermined Supplier,"Toulouse, FR",2.5
Le successeur du Boeing B-52 sera construit par Northrop-Grumman,Avionslegendaires.net,2015-10-29 07:00:00,Le successeur du Boeing B-52 sera construit par Northrop-Grumman  Avionslegendaires.net,https://news.google.com/rss/articles/CBMisgFBVV95cUxOZ2Q0aGJiTXdNTk5yanMwZkR4WmZoVUlobGcwaWg4UjNpM3lldEJYTFJYZGVCdXVjSmZKbFFDMkxaTU5KandIT2gtNV9PN0NEakdhMjZoQlJLdGNXbnJ3aDMwQThaT1VHUGFvOC1WaXNZbUxfaFB0dHJrVXVTZHRiS0pTMVB5SE9oRXBSRnQ4RnpUSzJxOE9IX1o3R0Y2SW1FZXpXUTRvUWFQX2tvNHF5MTRB?oc=5,France (FR),CS,"Cyber & IT Security (Ransomware attacks, IT/system outages, data breaches at key suppliers)",Boeing (Direct),"Renton, WA, US",2.5
Alphavest Capital et Boeing s’unissent pour renforcer l’industrie aéronautique marocaine,Infomédiaire,2025-07-18 07:00:00,Alphavest Capital et Boeing s’unissent pour renforcer l’industrie aéronautique marocaine  Infomédiaire,https://news.google.com/rss/articles/CBMitwFBVV95cUxNMEVRbC1sNThwREtJeGZsZ1NDY0tQeThuRDF1azNuczlZMzhJTElPMGwyeS1PWTlVOG9pLWt5S2IxdUlzeXlCOFVhSjRTbHoxMDM1cjNhYUhPYWVpNElSZE5jMEhUZnZnRTg5SVI1UWFnRHVHWDFwRllzWlgzb1lfenNBWmNZR0U3d2NaNjhVN1hLRnUyVUFPM2VXNkJyc1lrTnFmeERKUVp3V0RXQzljb1lJazhzTUU?oc=5,France (FR),CS,"Cyber & IT Security (Ransomware attacks, IT/system outages, data breaches at key suppliers)",Boeing (Direct),"Renton, WA, US",2.5
"Boeing, Airline Partners Set New Standard for Parts Authentication",Investing News Network,2025-10-13 07:00:00,"Boeing, Airline Partners Set New Standard for Parts Authentication  Investing News Network",https://news.google.com/rss/articles/CBMilwFBVV95cUxPdVlPVGMxY3M2aW96N0g5NzdTZDI0Q0QxMGdpeXM3Z2VNeDYtU1lnMDQ2WUNNOXQ1Sm4xbmJMcm5uRzdVcDZZcFFxSWh1M0hnUTNRT1UwMGcxa3Y3M2JVeEZ0U1UzODVHZVVwV3JmQ1JFdEZ3em5ScW1LR1J0cXo4NzhFMWpGdGo3aDhUVlY2WkowUUh0VERF?oc=5,France (FR),MP,"Manufacturing & Production (Autoclave downtime, kiln shutdowns, factory floor capacity constraints)",Boeing (Direct),"Renton, WA, US",2.5
Aéronautique : Alphavest Capital et Boeing vont créer des centres d’excellence au Maroc,La Vie éco,2025-07-18 07:00:00,Aéronautique : Alphavest Capital et Boeing vont créer des centres d’excellence au Maroc  La Vie éco,https://news.google.com/rss/articles/CBMiuwFBVV95cUxOVDhZbXgwd0RwRDBkclI1ODZrVHdvLVRiQkJPTlVRaFdMMmpUVVRVV0haSWo3TDVCWnA0WVBNQ3hJcm1HTmpCMFdsM01GSWktaFE5Zm1XMjJhS1djWWlsM0JsU05Eb3kyblBVdzNMcGdycmYybklpeFZQSzVqVXJFaW50UEZKMHRKMkN2cWRGM280VVRKbkMzUkpFRmVMdUpnLTFGS1FEY1JwYlBjcGZUQWQzTURWeUhHVXhj?oc=5,France (FR),CS,"Cyber & IT Security (Ransomware attacks, IT/system outages, data breaches at key suppliers)",Boeing (Direct),"Renton, WA, US",2.5
Alphavest Capital et Boeing s’accordent pour ouvrir cinq centres d’excellence aéronautique au Maroc,lopinion.ma,2026-01-25 18:09:20,Alphavest Capital et Boeing s’accordent pour ouvrir cinq centres d’excellence aéronautique au Maroc  lopinion.ma,https://news.google.com/rss/articles/CBMikwJBVV95cUxPQUJfMVNoSWx1MjBKQjdDUGxwbUN3ZTN1TUhPOWlER2RrYzFueEFPMDlZVTJWb01LZk9TUnp2dW4yaS11X3J6MW9LZVdBMnVDcVU5bVk2NDc2UnRnUTNJUExIemU0ajhvcWJTbE9ucmNveURseFdXREsxNmVhQThXSUZYdGk0TTlPMHphbWlCYXhLUEM5UTBKRkxrMVhvbjNIRDlzOEtTQnBxWGJyNWxXSVB3Y0ZJRTlxOWhhRlAyUF9KT0ZRMk5aRk5PSEh2b0Fwckg5UEkyb3lrVXAtVHhXZndEb0pzNEJ6cGFxbkpHT196ZkRxZ01mMUhadS1XZzRtbTdEeEl1UG4xUl9UaUJBZjJXVQ?oc=5,France (FR),CS,"Cyber & IT Security (Ransomware attacks, IT/system outages, data breaches at key suppliers)",Boeing (Direct),"Renton, WA, US",2.5
Ethiopian Airlines Commits to Order 11 Boeing 737 MAX Airplanes,Investing News Network,2025-11-17 08:00:00,Ethiopian Airlines Commits to Order 11 Boeing 737 MAX Airplanes  Investing News Network,https://news.google.com/rss/articles/CBMilAFBVV95cUxNNGk1N2l6R3U4NnJFWHM5cTRFRWtoWEFwZkpZUVpHb2puZXNmbkY2Sm9JRTVPZHBBdFhyZmRuLTdTQXVNMHdWSHJWMXJITkkwM0llZzAwckFkU1M1ZDBhd21aM2NlVHpsNUFUYWpQblhoR0FlZWR0LVJHbmNpZlpXV2dkYWJzRHItZndYNHRNVURQRHhr?oc=5,France (FR),CS,"Cyber & IT Security (Ransomware attacks, IT/system outages, data breaches at key suppliers)",Boeing (Direct),"Renton, WA, US",2.5
Boeing s’allie à l’UM6P pour dynamiser l’industrie marocaine,Le Matin.ma,2025-06-18 07:00:00,Boeing s’allie à l’UM6P pour dynamiser l’industrie marocaine  Le Matin.ma,https://news.google.com/rss/articles/CBMinwFBVV95cUxQZFJFRy0yb05PNElKMFh1RVVDQXlqYmdjeXhFZmZ4bkluRTBDRWVkU2liR1NwSU1SbFliblpXSDlqdEczdWxkU2xmb3RlN0tNa1pjRWFlbFdFcWIwSDJNdDFfQl9RY2pJdkFrSFVjS09hOHNjTk1VcHp0VWM2NW11WFJiQmVoLUdPdlZwOHBZLXRTUU5yb194aEZNWlFFXzjSAaQBQVVfeXFMUDZ6Q0NNc0JtQmM1N1lBenBLa1RNVUlNRUdzMFBvQ0pHTmg0TllOcnRkVzM2RWQwTHVaN3ZkM3ZCXzB2TVdwQnQ1V09oVXhmbVZ3LS01dC1vbVdpMVFLWGZrN2xNaldzYnJnSHE1dDA4UWl3S2tZeXQ0cDVFaUhSR3ZlS01iOHg0U3J6eVNLTm5ucjNKYWxSSnFwb2dQeTZpMmduMG8?oc=5,France (FR),MP,"Manufacturing & Production (Autoclave downtime, kiln shutdowns, factory floor capacity constraints)",Boeing (Direct),"Renton, WA, US",2.5
Alphavest Capital et Boeing vont lancer cinq centres d'excellence aéronautique au Maroc,Medias24,2025-07-18 07:00:00,Alphavest Capital et Boeing vont lancer cinq centres d'excellence aéronautique au Maroc  Medias24,https://news.google.com/rss/articles/CBMiuwFBVV95cUxQYXJ2d1h6MU5iQmstdDE5Um9uUjc4empLUFJiTS1aYUxzUjUtSHdySlNEaUF4c3U3bTJ3WDFVTXZ1NWJMZ3UxaFZrTkw4QWdvbkJ0U0gzeThDblhNRTUwYUdHWjVmS08zWTVJZi1IY0NGRUtQUjZ1dDI2T3VNUVhKekVBak5UN3p0MGFVc19CWnNWM2tTVXJGZ3BXR0pUSnR1S2lLNHlUUHhFTkpIcGJHVXpWYm01T01CWGJB?oc=5,France (FR),CS,"Cyber & IT Security (Ransomware attacks, IT/system outages, data breaches at key suppliers)",Boeing (Direct),"Renton, WA, US",2.5
Boeing partners with Casablanca Aéronautique to boost 737 MAX production in Morocco,Yabiladi.com,2025-06-16 07:00:00,Boeing partners with Casablanca Aéronautique to boost 737 MAX production in Morocco  Yabiladi.com,https://news.google.com/rss/articles/CBMingFBVV95cUxQN3JUODNTOWtnZHRlUlJ3Q2tuVGpYVWJZaXUxZWJJSFdMdmI5SVZYTTU2Wi05eDVqaWVPelV1MU03OWQxeGhidUR2cmZUV1otTm9qTG8tMTFORUJWNFZ1N1FQWEVld3k5aTMxMHZtcVM3SXFTVTZac0JzUnJmWlZheVJjNm1XMXBHcVA5Vk9jQlVlbFp5cndxSW9aU01Tdw?oc=5,France (FR),CS,"Cyber & IT Security (Ransomware attacks, IT/system outages, data breaches at key suppliers)",Boeing (Direct),"Renton, WA, US",2.5
"Ecosystème Boeing : E2IP Technologies, 11ème fournisseur à s'installer au Maroc",Finances News Hebdo,2019-10-23 07:00:00,"Ecosystème Boeing : E2IP Technologies, 11ème fournisseur à s'installer au Maroc  Finances News Hebdo",https://news.google.com/rss/articles/CBMivgFBVV95cUxQVFh0alNOUE9nYnFMaUtEd0lYcDgwZk5OMmJYV0lnNW5OSWJiMjlRcllVUno4VFZOSnhaNmkyWW55QXc2alR1YVM1SENWdmo4VFFzQWxCVk9vcGVRZEt2Q1VsU2o4MDRtRTd2WktLcE1ycVV5TzZKVzBXakNKSkhhYWpCbWtjbzNlX2VuaTh1OG8yZmExQ2dqNDJJZ2x5d3VPeERjSGtQT1BYNVBrbUVFQ2VMQkdQN09nN2R3Z0tB?oc=5,France (FR),FC,"Financial & Corporate (Supplier bankruptcy, distress, mergers & acquisitions, re-verticalization)",Boeing (Direct),"Renton, WA, US",2.5
"United States: Boeing announces 17,000 job cuts amid ongoing employee strike",Senenews,2024-10-12 07:00:00,"United States: Boeing announces 17,000 job cuts amid ongoing employee strike  Senenews",https://news.google.com/rss/articles/CBMixAFBVV95cUxOcVpyZEFDZWxXaUF5V1VSdkRENGZPV2tQWmtubDZlbHZuWnJRWGhTUGM3S1pJb3hxWDRTSXBJQmdkZU5sTjlCRGIxSy1OZ0hFbjNHSGFhcEpmdWZLNDVnYlNhZjdWQ2R0THBhWk40eHQ0Tk5QMjY2Z0c4NGhwNVMzMTRqSTJfTnBoWkxXbnpvai1uLWEyakpydzNpc0tTT0hrR01CMGFIM2E2b2wyQWw4RmpBUlJMVG03MVZmYkUxME9QTGJh?oc=5,France (FR),LW,"Labor & Workforce (Strikes, union disputes, labor shortages, layoffs, negotiations)",Boeing (Direct),"Renton, WA, US",5.0
Boeing Distribution launches unified ecommerce platform,Investing News Network,2025-11-17 08:00:00,Boeing Distribution launches unified ecommerce platform  Investing News Network,https://news.google.com/rss/articles/CBMiigFBVV95cUxPWmR0NzMybWNQcEJVcS1LSENvRW9PWlhpWkp0MDVsaTNQQUpUYmxPWk96RUR0TkFOcnBPNlYwV0xhaWJyVFZpUktHVnl2ZDdtbnNlU3JIbzN2dmVxS0RzaHJ0b2hvQUlja0FCcUI1NUtfaEMyYXVlRllncG1MUUxRQk5nLWRJb1JzZEE?oc=5,France (FR),MP,"Manufacturing & Production (Autoclave downtime, kiln shutdowns, factory floor capacity constraints)",Boeing (Direct),"Renton, WA, US",2.5
USA : Boeing Workers Vote 96% in Favor of Strike After Rejecting New Agreement,Senenews,2024-09-13 07:00:00,USA : Boeing Workers Vote 96% in Favor of Strike After Rejecting New Agreement  Senenews,https://news.google.com/rss/articles/CBMixgFBVV95cUxOQVdyYmF4R2ZYcGVnem5lZDAxOFlvV1RyNlZNWGgwVG1TSjBIYThQYS11ZW1oMzdWWmRjYk0tRnZoV18zWHdFZHlqU29wYjl3a0cxQzZ0UmY3RzFObElMVlpab0wwa2lLMWFzTlRJVWU5dkdnN3dydHlqTWIzLVctX1FKWWYwc09feHE4azRTQ2MtOFViVW1ES1BaaF9kblpyMUllazlBdC1BRlJjZnVtYXhvOGFqVmt2aEhtcmFLMlQ5N25kV0E?oc=5,France (FR),LW,"Labor & Workforce (Strikes, union disputes, labor shortages, layoffs, negotiations)",Boeing (Direct),"Renton, WA, US",5.0
"Evidence shows Jeju Air pilots shut off less-damaged engine before crash, source says",Reuters,2025-07-21 07:00:00,"Evidence shows Jeju Air pilots shut off less-damaged engine before crash, source says  Reuters",https://news.google.com/rss/articles/CBMi2gFBVV95cUxOVXJfOVFJa3NiTFpFZmlHSjF1X0szQ25RVE1ZVkRTempjN1dNSVMwSVJGVWJNUzFOSGFsdmNmTzFUYTZJa0p6TU1wakpFVVlfNlF3YkJuYVZMZkV4UDhWUnFpNFlPazRWNjFqRzJpdEk2RWZtXzNQNHlKV1pwc29QZEtiRnBramkyb0N0QkdQTnNCVmktQ1lKaEZ4ZDFocXV6X1RLdXA0NzViRVUyaXZJMzhSQWlyTTdXMGdNX2RBWDI5TWdOeEdVcm5oM2dMMnFKdzhCUTFtVWlmdw?oc=5,France (FR),MP,"Manufacturing & Production (Autoclave downtime, kiln shutdowns, factory floor capacity constraints)",Undetermined Supplier,"Toulouse, FR",2.5
"Lion Air: First Boeing 737MAX Crash, Now Airline Shutdown As Passengers Ignore COVID-19 Rules",Forbes,2020-06-05 07:00:00,"Lion Air: First Boeing 737MAX Crash, Now Airline Shutdown As Passengers Ignore COVID-19 Rules  Forbes",https://news.google.com/rss/articles/CBMi0wFBVV95cUxPVWVOdkE2MUxidk01T3psbVlhZlI0Qmo2aVZFblZoMzN3UTlVRnBacFVkSzB5OENHbF9uR2RpZC0tVmZ2NlhNMFBMYUNHcWZLUEpFUnlJdFA1WERNeWNHYW9rSkZfWW04NDlURjhxZGI5V2lFWnBsOU1Kb0oweEMxeWNsTVpyT2lPYXJxbDRIWWJoQ1BIZHlram1zOEl2U3hSVmtSM1FYTEU3MjF1N1ZieHhIakZ1XzNobFI5eGctMVhodlBydjNDLUJ0TF85Nl9XUU0w?oc=5,France (FR),MP,"Manufacturing & Production (Autoclave downtime, kiln shutdowns, factory floor capacity constraints)",Boeing (Direct),"Renton, WA, US",7.0
ボーイングの有人宇宙船「スターライナー」の“事故”が致命的な欠陥だった理由…地に落ちた名門ブランド,Business Insider Japan,2026-02-26 08:00:00,ボーイングの有人宇宙船「スターライナー」の“事故”が致命的な欠陥だった理由…地に落ちた名門ブランド  Business Insider Japan,https://news.google.com/rss/articles/CBMihgFBVV95cUxPOVdwT05URV9kNXRPeTlzSWxpanJSbXFtZUNObEpVY0l1NUZMR3JCRXBodHM4ZGpZSExfdjd6d1F6djBVLUhDbjNxV1dsNVJqdlVYOWxYYmVkblBaRFZ2bzhvRklLNTZTT28zMjlRV2c0M1QtVWRXT2M2bXNVUHNrQlFLNTYxdw?oc=5,Japan (JA),MP,"Manufacturing & Production (Autoclave downtime, kiln shutdowns, factory floor capacity constraints)",Undetermined Supplier,"Toulouse, FR",2.5
ボーイングの株価予測：2026年にBA株は上昇に転じるか？,TradingKey,2026-02-16 08:00:00,ボーイングの株価予測：2026年にBA株は上昇に転じるか？  TradingKey,https://news.google.com/rss/articles/CBMi_wFBVV95cUxNZjN0RWpWX2V5MU5wRXhaZDJINlRnWEU4RHhpM0Itb0k1UUx1UGJVOUwwUVRNNkpIc25WQkw1dlZ2LVR4WThTaWxMamdWUjBwWmZrWkoyQVpQVmk3aldYWGlvS2hBeFdMczVXWDYyN29pUUlld2ZEWkRzczFmOFlGcXJKTWhCb0hiV3gxOTNXQWdiU3pXNzUtZDZvRmd0VGd0Y1BpNGNnY1RUeEVkYjM2aFk1QTJXX0ZwZlJmYXV3Wmo3dFU0bFNraVRDUWpjSzZMQTVvaHFuUFJwOXN2WWlWVTdjVGZtallRQmxDXy1BUkk3Q2NQTDFyNWRjel9BOFU?oc=5,Japan (JA),MP,"Manufacturing & Production (Autoclave downtime, kiln shutdowns, factory floor capacity constraints)",Undetermined Supplier,"Toulouse, FR",2.5
ボーイング、777Xの納入遅延を10月末の決算発表で公表か 商用運航は2027年にずれ込む見通し,sky-budget.com,2025-10-04 07:00:00,ボーイング、777Xの納入遅延を10月末の決算発表で公表か 商用運航は2027年にずれ込む見通し  sky-budget.com,https://news.google.com/rss/articles/CBMiYkFVX3lxTE8yZWpLTE9qdW8xUWg3SUdycW0wZklZQVBOajcyN1BRZGRRSzNwTW1PZ2tDLU1ZTXd4T2hfamNDLVdTRDBCM2pkQ1Q0SklhbmxqaWo1OEptb3FxLTRiQlZTa1hR?oc=5,Japan (JA),MP,"Manufacturing & Production (Autoclave downtime, kiln shutdowns, factory floor capacity constraints)",Undetermined Supplier,"Toulouse, FR",2.5
Boeing’s 777-8F Freighter Entry Set for 2029 Following Delay of 777-9 Passenger Jet,GetTransport.com,2025-12-07 15:22:34,Boeing’s 777-8F Freighter Entry Set for 2029 Following Delay of 777-9 Passenger Jet  GetTransport.com,https://news.google.com/rss/articles/CBMie0FVX3lxTE9GclctTU5BbFlQWUg5blMxQk9xdU14SkQ1RndodUV0c2N1WURYRGhsdk9IYjRxRkloRmpuNFJWM013WlhBZS1zMUJNUHhMeVJIRXRUZkV0V3FyZWhUQ05sbVM3U0Q4QXBHOEEtNEZEYzVjZGc1NUZrSUxxbw?oc=5,Japan (JA),LT,"Logistics & Transportation (Rail delays, port congestion, shipping/air cargo capacity bottlenecks)",Boeing (Direct),"Renton, WA, US",5.0
Boeing Plans To Deliver Most Of 737 MAX Backlog By 2023 | ボーイング社、737MAX受注残の大半を2023年中にデリバリーする計画,Aviation Week,2021-04-02 07:00:00,Boeing Plans To Deliver Most Of 737 MAX Backlog By 2023 | ボーイング社、737MAX受注残の大半を2023年中にデリバリーする計画  Aviation Week,https://news.google.com/rss/articles/CBMinwFBVV95cUxQSlR6MXplcFJBeldpUndicV94X3BzRDMwZ2J6TzZZSUhJWkNFWW1XS1V0aTk5WTdROEFfZXhfWFYxelZiNFVHT25ac05oS3BSdV9ORHJGVy1XV25CYXExNVc1MzVmQnFUdm1IcWwxbE1UNUlhZzJMRFRveVg1RjRlQkR6ang5U01feUF6SkdGX1VjTlNJMXlNQkNvckR1NDA?oc=5,Japan (JA),MP,"Manufacturing & Production (Autoclave downtime, kiln shutdowns, factory floor capacity constraints)",Boeing (Direct),"Renton, WA, US",2.5
Safran CEO cautious on supply chain once Boeing grounding lifted,Reuters,2019-12-03 08:00:00,Safran CEO cautious on supply chain once Boeing grounding lifted  Reuters,https://news.google.com/rss/articles/CBMiuwFBVV95cUxOV0hpVlo4QzNDakRoMThXZFdza2E2WkxYX0RfNUcxQlJPTnhabmVoVEVJZk5oTnphLU1XNWxDUmRVRVAtQk9YRUwtSjB6UmFETlRFTmVSWnplekpCWC1nbWRzTEE3dFB3VHE1aFZaMjRUVms4OEl5SldsS1paTEFDMXNWbXVxQ0NkRlJLcTJDZXllTzZzb0tHRXJPUFBSOEZSbDBEVTh4R3BfOU1ianl3NTUxN1o2WnlwS0lz?oc=5,Japan (JA),MP,"Manufacturing & Production (Autoclave downtime, kiln shutdowns, factory floor capacity constraints)",Safran,"Bidos, FR",7.0
Maersk customers will benefit from the delivery of the first Boeing 777F,Maersk,2024-07-12 07:00:00,Maersk customers will benefit from the delivery of the first Boeing 777F  Maersk,https://news.google.com/rss/articles/CBMivgFBVV95cUxQcUgyajRwNjAtT1FpcmczQzJYcm90aGlLZ2cxVXZNX1lqUUpBOWNqUXZBdHR3R2lPNW14alhIWVF2MVBRaEgwS0tCajhHRE4tcHBiVlFLcVJwUVdpYU00N1VUNGJuR25pZF9uVWdTdkV6ckhJcDJXUE4xdmtuWWtudXJQSTgwVEdZUkl0N1NpRFdRdVpSeG5EcENJbzRDWDNVa2xNTGVVSVpRRml3QmtsbTdDMWRIY0NzTnZJNlFn?oc=5,Japan (JA),LT,"Logistics & Transportation (Rail delays, port congestion, shipping/air cargo capacity bottlenecks)",Boeing (Direct),"Renton, WA, US",2.5
ボーイング、安全点検の実施権限を航空当局が拡大へ－737MAXなど,Bloomberg.com,2025-09-26 07:00:00,ボーイング、安全点検の実施権限を航空当局が拡大へ－737MAXなど  Bloomberg.com,https://news.google.com/rss/articles/CBMidkFVX3lxTE5JNnIxcGhqQ1laN0dydFdCMzQwSFQyUkVGOWVEZkVDRWVTcUJhSUpCSzN0VEY4Q1M2a0tyRFdXbU9Yb0FFVGlycjVrUXhCZ2p3eDBuZV9XVm9WVlduSzhvZmNGRUFpUXY3ZkprazdSQ3d3THZpNnc?oc=5,Japan (JA),MP,"Manufacturing & Production (Autoclave downtime, kiln shutdowns, factory floor capacity constraints)",Undetermined Supplier,"Toulouse, FR",2.5
ボーイング、777X遅延で49億ドル損失計上ー運航開始時期また延期,Bloomberg.com,2025-10-29 07:00:00,ボーイング、777X遅延で49億ドル損失計上ー運航開始時期また延期  Bloomberg.com,https://news.google.com/rss/articles/CBMidkFVX3lxTE1McHVlalQ4TXFmdk54TDJFSjlVU1c3enhnclBJMVN6M2xtRUZPa09SU0xlN2FaMlBwbkEydFNyY0p3QTBFOENsVzFsYmd0S2xGc3FndXhlS19VcUdUNzc0T1JpMTJRNjIwNFFZRGc5Qm1mSC1UZ2c?oc=5,Japan (JA),MP,"Manufacturing & Production (Autoclave downtime, kiln shutdowns, factory floor capacity constraints)",Undetermined Supplier,"Toulouse, FR",2.5
エミレーツ航空社長、777Xの納入遅延をボーイングからではなくニュースで知り苛立ち,sky-budget.com,2025-11-01 07:00:00,エミレーツ航空社長、777Xの納入遅延をボーイングからではなくニュースで知り苛立ち  sky-budget.com,https://news.google.com/rss/articles/CBMiZEFVX3lxTE9Dc0h5azlKcHlueGRQa0JFMXFMU0didjAyWjkwckRSWU13R3JKUkotbzFCc2hlZVNRRk5LbGlYME0xc3RYQ1BMOS1PaTdqU1hhQlZhSU82Sjl0aXRta0ZsMlVWR28?oc=5,Japan (JA),MP,"Manufacturing & Production (Autoclave downtime, kiln shutdowns, factory floor capacity constraints)",Undetermined Supplier,"Toulouse, FR",2.5
DHLとJAL、ボーイング767フレイターを活用した パートナーシップを強化 - DHL - Japan 日本,DHL,2023-12-20 08:00:00,DHLとJAL、ボーイング767フレイターを活用した パートナーシップを強化 - DHL - Japan 日本  DHL,https://news.google.com/rss/articles/CBMieEFVX3lxTE5YVUszNGtSVVFXWTR5cWxkal9YRm8xdjdteGs0UUU3dU0wWUtBRUo3aUxpSTJrTFpXTjJBSUw4THRnMF9KWHZzVy1fdFR4Q2JxaTZkZGRnYlEzOG9ZX0pNX1U3ZXQyTTlvaFRIdzU3TFdfUDQ0Tk84VA?oc=5,Japan (JA),MP,"Manufacturing & Production (Autoclave downtime, kiln shutdowns, factory floor capacity constraints)",Undetermined Supplier,"Toulouse, FR",2.5
本来8日間だったはずのミッションで宇宙飛行士が国際宇宙ステーションから帰還できず最大2025年まで滞在延期になる可能性,GIGAZINE,2024-08-09 07:00:00,本来8日間だったはずのミッションで宇宙飛行士が国際宇宙ステーションから帰還できず最大2025年まで滞在延期になる可能性  GIGAZINE,https://news.google.com/rss/articles/CBMifkFVX3lxTFBQNmNrcjBPQW56bnRxRnJrSFZ0blF4UDJsRWt1VG03Rm0tQmhLYjZRZUR6WTdyYkFyb0QzVFRNejJENUJWcTE3RmdaY1BxbjdhZ3VvOEpOMjlJckR4REtrVkFhTlUzOWJYSGdZVk83T0VtLWl2aGxDSnVYX1F5dw?oc=5,Japan (JA),MP,"Manufacturing & Production (Autoclave downtime, kiln shutdowns, factory floor capacity constraints)",Undetermined Supplier,"Toulouse, FR",2.5
スペースXとボーイングの宇宙飛行士輸送、2019年に遅れの可能性,sorae 宇宙へのポータルサイト,2017-02-20 08:00:00,スペースXとボーイングの宇宙飛行士輸送、2019年に遅れの可能性  sorae 宇宙へのポータルサイト,https://news.google.com/rss/articles/CBMiXkFVX3lxTE9vc3lFeExlWGd0blM3Nm5vU1paMXpuWjlpb3ZfU3NIRnc1a1JXYVNoUnQxYzcxZTVBUS1aLUczTzlkMUNCMzR0VkZPNXk5dThVR0E4c0tIbHFhVmt3cGc?oc=5,Japan (JA),MP,"Manufacturing & Production (Autoclave downtime, kiln shutdowns, factory floor capacity constraints)",Undetermined Supplier,"Toulouse, FR",2.5
ボーイング、７３７ＭＡＸに新たな不具合－納入目標に狂い生じる恐れ,Bloomberg.com,2023-08-24 07:00:00,ボーイング、７３７ＭＡＸに新たな不具合－納入目標に狂い生じる恐れ  Bloomberg.com,https://news.google.com/rss/articles/CBMid0FVX3lxTE5QZFE5Ti1LRVUzVWFzRnJ3czM5bkxvWjNxWHo4Unc1eU5oZ3JKT3FaV0lrWGVxdnFqZXJYd0MtUWRTN2hJdkYyX1NrbFdSc1R0M1l1TTFUaE5fRnQtZVRMSWhzdDQxX1d3V0dmdVZRNW0zSl9zTDE4?oc=5,Japan (JA),MP,"Manufacturing & Production (Autoclave downtime, kiln shutdowns, factory floor capacity constraints)",Undetermined Supplier,"Toulouse, FR",2.5
ドローンを撃墜する持ち運び可能なレーザー砲をボーイングが開発、デモムービーを公開中,GIGAZINE,2015-08-31 07:00:00,ドローンを撃墜する持ち運び可能なレーザー砲をボーイングが開発、デモムービーを公開中  GIGAZINE,https://news.google.com/rss/articles/CBMiZkFVX3lxTE1CU05fQ1pkektoN08zODhZOE80dW5FVFB2LWVoMVhSZmhBTkRCamRCOE0zc3pDNEt5T2NUcnhhc25mSTl2STl4cUdSc3J4ekk2aW11NUI0eTRPdWpSM3FkRFNScjBUdw?oc=5,Japan (JA),MP,"Manufacturing & Production (Autoclave downtime, kiln shutdowns, factory floor capacity constraints)",Undetermined Supplier,"Toulouse, FR",2.5
ボーイング、B777Xの納入が2026年まで遅延することを正式発表 当初予定から6年遅れ,sky-budget.com,2024-10-12 07:00:00,ボーイング、B777Xの納入が2026年まで遅延することを正式発表 当初予定から6年遅れ  sky-budget.com,https://news.google.com/rss/articles/CBMiYEFVX3lxTFBpSjdsakllM1FKM1Rlb0xxTUgzaU9ZWlRMMS02ZHlqNFAwczVudDlXTE1malJDXzU3ekxQcGp4dkFmR1VFUmVSOGxvOHBDUVBKcmR1X1dDTEpFR1ZGTVhxLQ?oc=5,Japan (JA),MP,"Manufacturing & Production (Autoclave downtime, kiln shutdowns, factory floor capacity constraints)",Undetermined Supplier,"Toulouse, FR",2.5
ボーイング、B777Xの生産を2023年末まで停止 納入は2025年まで遅延することを発表,sky-budget.com,2022-04-28 07:00:00,ボーイング、B777Xの生産を2023年末まで停止 納入は2025年まで遅延することを発表  sky-budget.com,https://news.google.com/rss/articles/CBMiYEFVX3lxTE5CMW80QlRjSXJDUGNJNjlaVV9aZFp3MlRqSkZ0a0ZUcUFvdHJBa2xrQlJnVGNUVm9ZQl9hZzN1QkViZWYwZTdmVzk4Yncyek9ITTJqNXI0QUQ0RlpOVWNVWQ?oc=5,Japan (JA),MP,"Manufacturing & Production (Autoclave downtime, kiln shutdowns, factory floor capacity constraints)",Undetermined Supplier,"Toulouse, FR",2.5
ボーイング、B777Xの納入延期を2023年後半に延期する事を発表 導入予定のANAにも影響,sky-budget.com,2021-01-28 08:00:00,ボーイング、B777Xの納入延期を2023年後半に延期する事を発表 導入予定のANAにも影響  sky-budget.com,https://news.google.com/rss/articles/CBMiY0FVX3lxTE16LWVSR2I4d1c4WFpuaE9ZUG9tVFluNmFzMFcxeVdnVTlGc01kQ3hpVFljSldZaEZHb2tFQ1hYZmVXMTZVS1dXaVQyc2wzQ3A4V201QW5BNXBSX0lCNXhVV0t1aw?oc=5,Japan (JA),MP,"Manufacturing & Production (Autoclave downtime, kiln shutdowns, factory floor capacity constraints)",Undetermined Supplier,"Toulouse, FR",2.5
音速の5倍、時速6000kmで飛ぶ超音速偵察機「Son of Blackbird」の構想をボーイングが発表,GIGAZINE,2018-01-17 08:00:00,音速の5倍、時速6000kmで飛ぶ超音速偵察機「Son of Blackbird」の構想をボーイングが発表  GIGAZINE,https://news.google.com/rss/articles/CBMia0FVX3lxTFBsZ1puNElHdDhxeF9EUzBJVFRZbDFONHBtQXJ6YTU3ZTYxZ3p0cWZaYVRWTllTWS1BYmR2N0lKMnkwcDVqc1FmUUVrcVJQZGlsUWZNQklqZVBoMzA2YUI2TE5fN29iOVZzVktB?oc=5,Japan (JA),MP,"Manufacturing & Production (Autoclave downtime, kiln shutdowns, factory floor capacity constraints)",Undetermined Supplier,"Toulouse, FR",2.5
ボーイング、B777Xの開発を最大1年延期する事を今週にも発表か,sky-budget.com,2020-07-26 07:00:00,ボーイング、B777Xの開発を最大1年延期する事を今週にも発表か  sky-budget.com,https://news.google.com/rss/articles/CBMiYkFVX3lxTE5ORHRnajBUdzFPbHpvTnpTcXNjQUZQWjJLdUo2SGNKcDI0VEFCbjY4QnpFZVhfUTZ6VnhZYlNjLThod1RsNnpIaEQtR0dsVVA4NEo1Y1BvZ2l2Qmx6WUxveDV3?oc=5,Japan (JA),MP,"Manufacturing & Production (Autoclave downtime, kiln shutdowns, factory floor capacity constraints)",Undetermined Supplier,"Toulouse, FR",2.5
『エースコンバット7』実在の機体3種を追加するDLC今春配信へ。F-15 S/MTD、F-16XLなど実験機が登場,AUTOMATON,2021-04-05 07:00:00,『エースコンバット7』実在の機体3種を追加するDLC今春配信へ。F-15 S/MTD、F-16XLなど実験機が登場  AUTOMATON,https://news.google.com/rss/articles/CBMibEFVX3lxTE1hYzk2MnBNRlNlZ19vVk44VHJWVjRfSzI2aXdoMGg1UnFEcUdUZFhRd0w4U1BzTzQtMXExdWpQOXp1dEI3ZE8wZlpTNWNGVXNJeDc2bm1vaUN3NjRoNU1aNTdEaGpPZzlOdGRVVA?oc=5,Japan (JA),MP,"Manufacturing & Production (Autoclave downtime, kiln shutdowns, factory floor capacity constraints)",Undetermined Supplier,"Toulouse, FR",2.5
Weekly top: Iran hits US base; Danantara takes IDR7 tn debt,IDNFinancials,2026-03-23 07:00:00,Weekly top: Iran hits US base; Danantara takes IDR7 tn debt  IDNFinancials,https://news.google.com/rss/articles/CBMiowFBVV95cUxNUlpodWRpcEE3Qjh0aFE5QjhlRV83NXdxbkNsN3hGMmVaaTBxYnphTmh3bmNqUGU4d2JLajVOcUxIV1pPRDVkaEFHa2VkYW56YnZpdUVkYmZqdXR3MURucEw2ZkVuMnRKcDFPdzYzdHBNOUZNdnBvQ2NxdE9Oc3BidXRYanRKUlBFWmpFQUpRVXlXdVhpQXBGdzNKc1owM3A3aDV3?oc=5,Japan (JA),CS,"Cyber & IT Security (Ransomware attacks, IT/system outages, data breaches at key suppliers)",Undetermined Supplier,"Toulouse, FR",2.5
Thunder Strikeのデルタ翼型ドローン「TSA Fantom MK2 VTOL」、最大積載量は45kgで3000km以上飛行できる,DRONE.jp,2024-08-25 07:00:00,Thunder Strikeのデルタ翼型ドローン「TSA Fantom MK2 VTOL」、最大積載量は45kgで3000km以上飛行できる  DRONE.jp,https://news.google.com/rss/articles/CBMiWkFVX3lxTFBJRWdIa3VXQkZyWnZZTEdkWGNYZDNtTFJpUU9sNGJKY2ZHb0p1cjZpOHJzWldoR1B5MzBtWUs1WUFSai02THBiczhZWE1IVlcxM3VORElVcUsxZw?oc=5,Japan (JA),LW,"Labor & Workforce (Strikes, union disputes, labor shortages, layoffs, negotiations)",Undetermined Supplier,"Toulouse, FR",5.0
Anti-Balaka Militants in CAR,Reuters,2014-02-25 08:00:00,Anti-Balaka Militants in CAR  Reuters,https://news.google.com/rss/articles/CBMihAFBVV95cUxQRTFEUVlfUHQ2NHBtY0tURFdxX0FpdFQ4VVJmNWUzSXprM0cydkcwU2hrUkhoOWh4TTlOSUZPenFiTjFkS1VBR1lNSFE4V2xRcUplMUZzdzZmNkx2MWI5UUlKUHF4X1c1dHM1NGJEWmtsbzdMWXJ5VThGcXUwTjZCUUlwU3I?oc=5,Japan (JA),CS,"Cyber & IT Security (Ransomware attacks, IT/system outages, data breaches at key suppliers)",Undetermined Supplier,"Toulouse, FR",2.5
ボーイング、38Xの注文777機を受注簿から削除,Aeroflap,2025-02-11 08:00:00,ボーイング、38Xの注文777機を受注簿から削除  Aeroflap,https://news.google.com/rss/articles/CBMipwJBVV95cUxOTUNvTzlGTkFCdEdTTGkteXpTTHdSR1N6elVBM25Yc196SVhWTFFZd3M2dnFSa2h1SkVieUZrSVVTSjZhT0ltUl8xQkc4Z2VVN2hOazhSdzlwVUJpa1ZzNnRsTGtidjVVNUs2ajJQREstSEs5X2EwMXBUazJlSkZiTG5udm9lSVVla3A0dlVMbVM4UXJ3NzVFbURHclFGNENFTG5Ub25LZFdVYk52eW9TcEw0b1ZtTlBJMVNudGxNSVllZjRMSDJuaHoxNm14R0JwbTY0VnZaYTVfUk8zTnh2aUFTMTN5Szdkc2pkcHByenNTdTZUQTV3U2FjRm1aMXMtS2stb3E1WUxFdnRJVC1hWmlmdk1Cbk9kYl9mUmN0S0RWc09relJN?oc=5,Japan (JA),MP,"Manufacturing & Production (Autoclave downtime, kiln shutdowns, factory floor capacity constraints)",Undetermined Supplier,"Toulouse, FR",2.5
米空軍、次世代爆撃機メーカーにノースロップ・グラマンを選定,FlyTeam,2015-10-28 07:00:00,米空軍、次世代爆撃機メーカーにノースロップ・グラマンを選定  FlyTeam,https://news.google.com/rss/articles/CBMiTkFVX3lxTE1lWUFFcVVCN1FVQ2xUUDdrNkljLTEyMGF5dmtHNXBEUjhlUE5VUGdxdTZtalpzdktzUUllbDVmM1dkVXRlZ1RyOXBlcDFZUQ?oc=5,Japan (JA),MP,"Manufacturing & Production (Autoclave downtime, kiln shutdowns, factory floor capacity constraints)",Undetermined Supplier,"Toulouse, FR",2.5
UPSのB747-400F、仁川空港駐機中に尻もちするトラブルが発生,sky-budget.com,2021-10-28 07:00:00,UPSのB747-400F、仁川空港駐機中に尻もちするトラブルが発生  sky-budget.com,https://news.google.com/rss/articles/CBMiYEFVX3lxTE5ObmEzNUdiamlZTGk5R2VwNjdyeU16ZGEtallwTUxreE9sUTRDUzhrYlBaUFJPTGg1Q3YtLUF5WDNIN25JVFp2X3BOUmE2UFRaUGN2bEZhQUp4WTR1a2RiZg?oc=5,Japan (JA),MP,"Manufacturing & Production (Autoclave downtime, kiln shutdowns, factory floor capacity constraints)",Undetermined Supplier,"Toulouse, FR",2.5
F-15J改修機は納入遅延が濃厚、2028年度にも間に合わない可能性,航空万能論GF,2025-07-18 07:00:00,F-15J改修機は納入遅延が濃厚、2028年度にも間に合わない可能性  航空万能論GF,https://news.google.com/rss/articles/CBMi2wFBVV95cUxOTnJOSmgwUVM5eW4wclNwdG9MdFlwb2ZORDBqUURIOEZaanBUeTIzaml1SWp6WEMzUURnUG9WZXlJdHlERi1CRk5vNFNEUXNBa1dMSVR6eGpRTEdtQjRBS2t3ei05RGJkeFNyS2VlR2ZyM3ZrV0tDaV9Gb3djQWktSGFoeFZTYTRDdkZOZkNEXzZmMEFuOURQSl9jVUtPWElIaGxJdmhkU0hSN1NsS0RIN1NxQk0tb2pUcWF6dEwzNnk4RzBmYTZJZk5MWldTLTZDbWRkck5OZFdkVnM?oc=5,Japan (JA),MP,"Manufacturing & Production (Autoclave downtime, kiln shutdowns, factory floor capacity constraints)",Undetermined Supplier,"Toulouse, FR",2.5
KC-46Aで新たなカテゴリー1の欠陥、燃料ポンプの振動が原因,航空万能論GF,2024-08-01 07:00:00,KC-46Aで新たなカテゴリー1の欠陥、燃料ポンプの振動が原因  航空万能論GF,https://news.google.com/rss/articles/CBMingFBVV95cUxNUkpyaWVobXgxbkFOb1l3eUhjWUw1d01pdVZPclU3YWwyTHk3SVl1S2k1VXdDTUNPQ2FNSl9lN0VFTmh1el9LYnNnNEJleVAyNFBIQmNnaEExZzEtT3RGcmt6OUIyTmRoekFZZDc2ZjJFN1dVQTFsTUs2cXBXX2J2QktKZ0NFWWwzSS1NRERjbzQ3N3cwb0NIX1hYRmJXdw?oc=5,Japan (JA),MP,"Manufacturing & Production (Autoclave downtime, kiln shutdowns, factory floor capacity constraints)",Undetermined Supplier,"Toulouse, FR",2.5
日本に引き渡されたKC-46A、欠陥修正や費用負担について口をつぐむ米空軍とボーイング,航空万能論GF,2021-11-03 07:00:00,日本に引き渡されたKC-46A、欠陥修正や費用負担について口をつぐむ米空軍とボーイング  航空万能論GF,https://news.google.com/rss/articles/CBMi0gFBVV95cUxPYmhud0xYOE1yVW1IQXFwcTZFS0xPUkRKR1FQYjNzRVloejNxUVVMbFV3RDBhX3hxeTJCVDdKWlZXS3ZBV3FCMk5NSW1sSldTM1FDTzA1WHE1TzB3cTA5TVl1WmdQd1JYQXZSNlVVcG9yNXF6d1NHYTdocEJqRzNyRGItYnM3aTItZHE1U21jSW01WVI5NWozc1JvV3BTLW8yQVdqTnFqUXhyam1NcDljMzJheUhVeUNmQkV5RVFtNDJrZjJka2NteXVJLWtwdG9KNHc?oc=5,Japan (JA),MP,"Manufacturing & Production (Autoclave downtime, kiln shutdowns, factory floor capacity constraints)",Undetermined Supplier,"Toulouse, FR",2.5
F/A-18E/Fの欠陥が解消したのかは不明、それでもボーイングはCFT提供が可能と主張,航空万能論GF,2021-10-25 07:00:00,F/A-18E/Fの欠陥が解消したのかは不明、それでもボーイングはCFT提供が可能と主張  航空万能論GF,https://news.google.com/rss/articles/CBMi1gFBVV95cUxNYS04Tm9ZSFUwd05yUXZXaHUyOGd2cjJjRm13VWlhVi02N3ZnUmt6NW85bDBZVXByeExkVGRtbWF4ZTdXTnhCNTFXbG5DeFd2czVhZ3A3bkM1dm5zaWM0NWtQV3YyYXBDRWlocTdaVDZGUXZyb2xvUUJqMGlvbVJOZHpoR1pfRDJSRVREUXlGMjEwWW5zbC1tdjVsb04yUHRBZUduUVEwdl9oM3BNZGpYOUlfRmdJaWZiTGRqZFJXUDlsejRJcTZralBoczVpa1doM0NROXBB?oc=5,Japan (JA),MP,"Manufacturing & Production (Autoclave downtime, kiln shutdowns, factory floor capacity constraints)",Undetermined Supplier,"Toulouse, FR",2.5
ボーイング(BA.US)のストライキが「連鎖反応」を引き起こし、スピリットエアロシステムズホールディングス(SPR.US)の第3四半期の損失が拡大した,Moomoo,2024-10-24 07:00:00,ボーイング(BA.US)のストライキが「連鎖反応」を引き起こし、スピリットエアロシステムズホールディングス(SPR.US)の第3四半期の損失が拡大した  Moomoo,https://news.google.com/rss/articles/CBMitgFBVV95cUxQaUQ4aVVTbldTMGpDc3g1Y1ExX0ZsLW9DX2FacDhpQ1ZVcVRVX1RaOXlIa0wxY212clVlOGwtNGVoMWdPdVNMZV9ubWZKaTd4UTZGRHhvc2hiQXBlbFRaSVBwbG1kU01sc1lWWWp5cUxzYnQ0SG9NeXVOWWtvYk9Rb2V6cnNpcGFUa1lTLVEyRGxnc2czbDE0dGpCbGlHcWJkRG5sQXIxWlJuanlLbEl0VEZEbjQydw?oc=5,Japan (JA),MP,"Manufacturing & Production (Autoclave downtime, kiln shutdowns, factory floor capacity constraints)",Undetermined Supplier,"Toulouse, FR",2.5
